"SpecialStudyID","ReleaseEvent","dist_km","SampleDate","Survey","MethodCode","StationCode","SubRegion","SpecificConductance","WaterTemp","Turbidity_NTU","Turbidity_FNU","ForkLength","LifeStage","Latitude","Longitude","SpecialStudy","Preservation","Disposition","MarkCode","Comments","FirstDayRelease","Total","ReleaseLatitude","ReleaseLongitude","DaySinceRelease","swim_speed"
"WY22_FCCL_01",1,6.16942248551478,2021-12-16,"USFWS EDSM","Kodiak Trawl","22-20-RV01","Sacramento River near Rio Vista",671,10.5,19.4,11.39,">58","Adult",38.11429,-121.6875,"FCCL Broodstock","None","FCCL, not archived","AdClipped","Fish not measured because transferred to FCCL for broodstock (FCCL determined that fish was marked, bad clip)",2021-12-14,12800,38.14424,-121.69314,2,3.08471124275739
"WY22_S101",1,10.3187800939788,2021-12-17,"USFWS EDSM","Kodiak Trawl","22-20-LSR02","Lower Sacramento River",340.8,9.9,30,20.76,"55","Adult",38.07435,-121.7623,"Directed Outflow Project","Liquid nitrogen","UC Davis Aquatic Health Lab","AdClipped",NA,2021-12-14,12800,38.14424,-121.69314,3,3.43959336465959
"WY22_FCCL_02",1,10.2377623315753,2021-12-17,"USFWS EDSM","Kodiak Trawl","22-20-LSR02","Lower Sacramento River",330.7,9.8,32.2,22.01,">58","Adult",38.07496,-121.76174,"FCCL Broodstock","None","FCCL, not archived","AdClipped","Fish not measured because transferred to FCCL for broodstock (FCCL determined that fish was marked, bad clip)",2021-12-14,12800,38.14424,-121.69314,3,3.41258744385845
"WY22_S106",1,0.335155717852436,2021-12-17,"USFWS EDSM","Kodiak Trawl","22-20-RV02","Sacramento River near Rio Vista",214,9.4,49.8,34.81,"80","Adult",38.14133,-121.69331,"Directed Outflow Project","Liquid nitrogen","UC Davis Aquatic Health Lab","AdClipped",NA,2021-12-14,12800,38.14424,-121.69314,3,0.111718572617479
"WY22_S102",1,1.37197504772241,2021-12-17,"USFWS EDSM","Kodiak Trawl","22-20-RV05","Sacramento River near Rio Vista",198.1,9.1,50.6,33.95,"68","Adult",38.15312,-121.68261,"Directed Outflow Project","Liquid nitrogen","UC Davis Aquatic Health Lab","AdClipped",NA,2021-12-14,12800,38.14424,-121.69314,3,0.457325015907469
"WY22_S105",1,1.02720564807787,2021-12-17,"USFWS EDSM","Kodiak Trawl","22-20-RV05","Sacramento River near Rio Vista",190.2,9.2,53.9,38.8,"72","Adult",38.14925,-121.68401,"Directed Outflow Project","Liquid nitrogen","UC Davis Aquatic Health Lab","AdClipped",NA,2021-12-14,12800,38.14424,-121.69314,3,0.342401882692622
"WY22_S103",1,1.37197504772241,2021-12-17,"USFWS EDSM","Kodiak Trawl","22-20-RV05","Sacramento River near Rio Vista",198.1,9.1,50.6,33.95,"79","Adult",38.15312,-121.68261,"Directed Outflow Project","Liquid nitrogen","UC Davis Aquatic Health Lab","AdClipped",NA,2021-12-14,12800,38.14424,-121.69314,3,0.457325015907469
"WY22_S104",1,1.02720564807787,2021-12-17,"USFWS EDSM","Kodiak Trawl","22-20-RV05","Sacramento River near Rio Vista",190.2,9.2,53.9,38.8,"82","Adult",38.14925,-121.68401,"Directed Outflow Project","Liquid nitrogen","UC Davis Aquatic Health Lab","AdClipped",NA,2021-12-14,12800,38.14424,-121.69314,3,0.342401882692622
"WY22_S107",1,53.0627911305292,2021-12-21,"USFWS EDSM","Kodiak Trawl","22-21-USSC02","Upper Sacramento River Ship Channel",1113,10.6,15.5,4.52,"54","Adult",38.56289,-121.55355,"Directed Outflow Project","Liquid nitrogen","UC Davis Aquatic Health Lab","VIE-Right/Red/Mid-dorsal",NA,2021-12-14,12800,38.14424,-121.69314,7,7.58039873293274
"WY22_S201",1,20.7640306885929,2021-12-23,"USFWS EDSM","Kodiak Trawl","22-21-PP02","San Joaquin River at Prisoners Pt",622,9.4,18.4,NA,"53","Adult",38.08627,-121.5771,"Directed Outflow Project","Liquid nitrogen","UC Davis Aquatic Health Lab","AdClipped",NA,2021-12-14,12800,38.14424,-121.69314,9,2.30711452095477
"WY22_S108",1,5.02586478133817,2021-12-23,"USFWS EDSM","Kodiak Trawl","22-21-RV02","Sacramento River near Rio Vista",410,8.6,37.6,25.18,"53","Adult",38.10521,-121.69505,"Directed Outflow Project","Liquid nitrogen","UC Davis Aquatic Health Lab","AdClipped",NA,2021-12-14,12800,38.14424,-121.69314,9,0.558429420148686
"WY22_S109",1,4.96125860031323,2021-12-23,"USFWS EDSM","Kodiak Trawl","22-21-RV02","Sacramento River near Rio Vista",403,8.5,40.7,26.2,"80","Adult",38.10488,-121.69566,"Directed Outflow Project","Liquid nitrogen","UC Davis Aquatic Health Lab","AdClipped",NA,2021-12-14,12800,38.14424,-121.69314,9,0.551250955590359
"WY22_S110",1,12.8582578200667,2021-12-27,"USFWS EDSM","Kodiak Trawl","22-22-LSR01","Lower Sacramento River",541,8.8,38.8,23.7,"76","Adult",38.06459,-121.78625,"Directed Outflow Project","Liquid nitrogen","UC Davis Aquatic Health Lab","AdClipped",NA,2021-12-14,12800,38.14424,-121.69314,13,0.98909675538975
"WY22_S111",1,2.68302138053162,2021-12-28,"USFWS EDSM","Kodiak Trawl","22-22-RV02","Sacramento River near Rio Vista",203.2,8.7,50.6,34.31,"50","Adult",38.12139,-121.69715,"Directed Outflow Project","Liquid nitrogen","UC Davis Aquatic Health Lab","AdClipped",NA,2021-12-14,12800,38.14424,-121.69314,14,0.191644384323687
"WY22_S112",1,0.956537060689029,2021-12-28,"USFWS EDSM","Kodiak Trawl","22-22-RV03","Sacramento River near Rio Vista",146.8,8.5,57.2,44.09,"74","Adult",38.14871,-121.68438,"Directed Outflow Project","Liquid nitrogen","UC Davis Aquatic Health Lab","AdClipped",NA,2021-12-14,12800,38.14424,-121.69314,14,0.0683240757635021
"WY22_S001",1,24.4943990345976,2021-12-29,"USFWS Chipps","Midwater Trawl","SB018N","Confluence",426.2,8.9,55.4,NA,"71","Adult",38.047967,-121.909917,"Directed Outflow Project","Liquid nitrogen","UC Davis Aquatic Health Lab","AdClipped",NA,2021-12-14,12800,38.14424,-121.69314,15,1.63295993563984
"WY22_BS_01",1,1.18924117288504,2022-01-04,"CDFW Bay Study","Midwater Trawl","760","Sacramento River near Rio Vista",212,8,NA,NA,"77","Adult",38.152333,-121.684833,"NA","95% Ethanol","CDFW Stockton, Chemical Store Room","Adclipped","This fish was originally identified as a Longfin Smelt, sent to UCD (Levi Lewis), returned to CDFW Stockton",2021-12-14,12800,38.14424,-121.69314,21,0.056630532042145
"WY22_BS_01",1,1.18924117288504,2022-02-17,"CDFW Bay Study","Otter Trawl","762","Sacramento River near Ryde",181,9.5,NA,NA,"68","Adult",38.175,-121.657,"Directed Outflow Project","95% Ethanol","UC Davis has head only, body returned to CDFW","Adclipped","UCD (Bruce Hammock) has the head, CDFW Diet and Condition has the body",2021-12-14,12800,38.14424,-121.69314,65,0.0182960180443853
"WY22_BS_01",2,4.66780423378914,2022-02-17,"CDFW Bay Study","Otter Trawl","762","Sacramento River near Ryde",181,9.5,NA,NA,"68","Adult",38.175,-121.657,"Directed Outflow Project","95% Ethanol","UC Davis has head only, body returned to CDFW","Adclipped","UCD (Bruce Hammock) has the head, CDFW Diet and Condition has the body",2022-01-11,12800,38.117215,-121.706245,37,0.12615687118349
"WY22_BS_01",3,13.2403895324859,2022-02-17,"CDFW Bay Study","Otter Trawl","762","Sacramento River near Ryde",181,9.5,NA,NA,"68","Adult",38.175,-121.657,"Directed Outflow Project","95% Ethanol","UC Davis has head only, body returned to CDFW","Adclipped","UCD (Bruce Hammock) has the head, CDFW Diet and Condition has the body",2022-02-03,6400,38.256215,-121.667645,14,0.945742109463278
"WY22_BS_01",4,43.9450507200222,2022-02-17,"CDFW Bay Study","Otter Trawl","762","Sacramento River near Ryde",181,9.5,NA,NA,"68","Adult",38.175,-121.657,"Directed Outflow Project","95% Ethanol","UC Davis has head only, body returned to CDFW","Adclipped","UCD (Bruce Hammock) has the head, CDFW Diet and Condition has the body",2022-02-09,12800,38.18729,-121.97802,8,5.49313134000278
"WY22_BS_01",5,13.2403895324859,2022-02-17,"CDFW Bay Study","Otter Trawl","762","Sacramento River near Ryde",181,9.5,NA,NA,"68","Adult",38.175,-121.657,"Directed Outflow Project","95% Ethanol","UC Davis has head only, body returned to CDFW","Adclipped","UCD (Bruce Hammock) has the head, CDFW Diet and Condition has the body",2022-02-16,10933,38.25614,-121.66755,1,13.2403895324859
"WY22_S114",1,16.7956835871433,2022-01-12,"USFWS EDSM","Kodiak Trawl","22-24-LSSC03","Lower Sacramento River Ship Channel",227.3,9.6,29.9,NA,"72","Adult",38.27555,-121.66128,"Directed Outflow Project","Liquid nitrogen","UC Davis Aquatic Health Lab","AdClipped",NA,2021-12-14,12800,38.14424,-121.69314,29,0.579161503004942
"WY22_S114",2,20.2742466480474,2022-01-12,"USFWS EDSM","Kodiak Trawl","22-24-LSSC03","Lower Sacramento River Ship Channel",227.3,9.6,29.9,NA,"72","Adult",38.27555,-121.66128,"Directed Outflow Project","Liquid nitrogen","UC Davis Aquatic Health Lab","AdClipped",NA,2022-01-11,12800,38.117215,-121.706245,1,20.2742466480474
"WY22_S119",1,16.7353641747692,2022-01-12,"USFWS EDSM","Kodiak Trawl","22-24-LSSC03","Lower Sacramento River Ship Channel",232.1,9.7,32.3,NA,"86","Adult",38.27509,-121.66159,"Directed Outflow Project","Liquid nitrogen","UC Davis Aquatic Health Lab","AdClipped",NA,2021-12-14,12800,38.14424,-121.69314,29,0.577081523267904
"WY22_S119",2,20.2139272356733,2022-01-12,"USFWS EDSM","Kodiak Trawl","22-24-LSSC03","Lower Sacramento River Ship Channel",232.1,9.7,32.3,NA,"86","Adult",38.27509,-121.66159,"Directed Outflow Project","Liquid nitrogen","UC Davis Aquatic Health Lab","AdClipped",NA,2022-01-11,12800,38.117215,-121.706245,1,20.2139272356733
"WY22_S401",1,49.7343172422939,2022-01-16,"TFCF","Salvage","NA","Salvage",NA,9.7,NA,NA,"54","Adult",37.816984,-121.556881,"Directed Outflow Project","95% Ethanol","UC Davis Aquatic Health Lab","Adclipped","Classified as sub-adult by salvage",2021-12-14,12800,38.14424,-121.69314,33,1.50710052249375
"WY22_S401",2,46.6076261318906,2022-01-16,"TFCF","Salvage","NA","Salvage",NA,9.7,NA,NA,"54","Adult",37.816984,-121.556881,"Directed Outflow Project","95% Ethanol","UC Davis Aquatic Health Lab","Adclipped","Classified as sub-adult by salvage",2022-01-11,12800,38.117215,-121.706245,5,9.32152522637813
"WY22_S002",1,38.8161250304888,2022-01-18,"USFWS EDSM","Kodiak Trawl","22-25-SM02","Suisun Marsh",4239,10.4,37,23.43,"85","Adult",38.17354,-121.94784,"Directed Outflow Project","Liquid nitrogen","UC Davis Aquatic Health Lab","AdClipped",NA,2021-12-14,12800,38.14424,-121.69314,35,1.10903214372825
"WY22_S002",2,35.3668338569148,2022-01-18,"USFWS EDSM","Kodiak Trawl","22-25-SM02","Suisun Marsh",4239,10.4,37,23.43,"85","Adult",38.17354,-121.94784,"Directed Outflow Project","Liquid nitrogen","UC Davis Aquatic Health Lab","AdClipped",NA,2022-01-11,12800,38.117215,-121.706245,7,5.05240483670212
"WY22_S115",1,10.439418918728,2022-01-24,"USFWS EDSM","Kodiak Trawl","22-26-LSR01","Lower Sacramento River",580,9.8,35,19.78,"65","Adult",38.074,-121.76352,"Directed Outflow Project","Liquid nitrogen","UC Davis Aquatic Health Lab","AdClipped",NA,2021-12-14,12800,38.14424,-121.69314,41,0.254619973627512
"WY22_S115",2,6.99012774515407,2022-01-24,"USFWS EDSM","Kodiak Trawl","22-26-LSR01","Lower Sacramento River",580,9.8,35,19.78,"65","Adult",38.074,-121.76352,"Directed Outflow Project","Liquid nitrogen","UC Davis Aquatic Health Lab","AdClipped",NA,2022-01-11,12800,38.117215,-121.706245,13,0.537702134242621
"WY22_S117",1,34.4516412263661,2022-01-31,"USFWS EDSM","Kodiak Trawl","22-27-LSSC03","Lower Sacramento River Ship Channel",639,9.8,75.1,44.78,"66","Adult",38.41774,-121.6093,"Directed Outflow Project","Liquid nitrogen","UC Davis Aquatic Health Lab","AdClipped",NA,2021-12-14,12800,38.14424,-121.69314,48,0.717742525549294
"WY22_S117",2,37.9302042872702,2022-01-31,"USFWS EDSM","Kodiak Trawl","22-27-LSSC03","Lower Sacramento River Ship Channel",639,9.8,75.1,44.78,"66","Adult",38.41774,-121.6093,"Directed Outflow Project","Liquid nitrogen","UC Davis Aquatic Health Lab","AdClipped",NA,2022-01-11,12800,38.117215,-121.706245,20,1.89651021436351
"WY22_S116",1,34.4516412263661,2022-01-31,"USFWS EDSM","Kodiak Trawl","22-27-LSSC03","Lower Sacramento River Ship Channel",639,9.8,75.1,44.78,"70","Adult",38.41774,-121.6093,"Directed Outflow Project","Liquid nitrogen","UC Davis Aquatic Health Lab","AdClipped",NA,2021-12-14,12800,38.14424,-121.69314,48,0.717742525549294
"WY22_S116",2,37.9302042872702,2022-01-31,"USFWS EDSM","Kodiak Trawl","22-27-LSSC03","Lower Sacramento River Ship Channel",639,9.8,75.1,44.78,"70","Adult",38.41774,-121.6093,"Directed Outflow Project","Liquid nitrogen","UC Davis Aquatic Health Lab","AdClipped",NA,2022-01-11,12800,38.117215,-121.706245,20,1.89651021436351
"WY22_S202",1,19.2061274117724,2022-02-04,"USFWS EDSM","Kodiak Trawl","22-27-LSJ01","Lower San Joaquin River",692,9.5,32,18.38,"57","Adult",38.02938,-121.74798,"Directed Outflow Project","Liquid nitrogen","UC Davis Aquatic Health Lab","AdClipped",NA,2021-12-14,12800,38.14424,-121.69314,52,0.369348604072546
"WY22_S202",2,15.7568362381985,2022-02-04,"USFWS EDSM","Kodiak Trawl","22-27-LSJ01","Lower San Joaquin River",692,9.5,32,18.38,"57","Adult",38.02938,-121.74798,"Directed Outflow Project","Liquid nitrogen","UC Davis Aquatic Health Lab","AdClipped",NA,2022-01-11,12800,38.117215,-121.706245,24,0.656534843258271
"WY22_S202",3,33.6357581171429,2022-02-04,"USFWS EDSM","Kodiak Trawl","22-27-LSJ01","Lower San Joaquin River",692,9.5,32,18.38,"57","Adult",38.02938,-121.74798,"Directed Outflow Project","Liquid nitrogen","UC Davis Aquatic Health Lab","AdClipped",NA,2022-02-03,6400,38.256215,-121.667645,1,33.6357581171429
"WY22_S118",1,9.59390700099556,2022-02-07,"USFWS EDSM","Kodiak Trawl","22-28-LSR01","Lower Sacramento River",501,10.1,33.1,20.24,"55","Adult",38.08081,-121.75737,"Directed Outflow Project","Liquid nitrogen","UC Davis Aquatic Health Lab","AdClipped",NA,2021-12-14,12800,38.14424,-121.69314,55,0.174434672745374
"WY22_S118",2,6.14461582742164,2022-02-07,"USFWS EDSM","Kodiak Trawl","22-28-LSR01","Lower Sacramento River",501,10.1,33.1,20.24,"55","Adult",38.08081,-121.75737,"Directed Outflow Project","Liquid nitrogen","UC Davis Aquatic Health Lab","AdClipped",NA,2022-01-11,12800,38.117215,-121.706245,27,0.227578363978579
"WY22_S118",3,24.0235377063662,2022-02-07,"USFWS EDSM","Kodiak Trawl","22-28-LSR01","Lower Sacramento River",501,10.1,33.1,20.24,"55","Adult",38.08081,-121.75737,"Directed Outflow Project","Liquid nitrogen","UC Davis Aquatic Health Lab","AdClipped",NA,2022-02-03,6400,38.256215,-121.667645,4,6.00588442659156
"WY22_S003",1,42.4663372979939,2022-02-14,"USFWS EDSM","Kodiak Trawl","22-29-SM01","Suisun Marsh",5683,13.1,49.1,28.95,"61","Adult",38.18741,-121.97437,"Directed Outflow Project","Liquid nitrogen","UC Davis Aquatic Health Lab","AdClipped",NA,2021-12-14,12800,38.14424,-121.69314,62,0.684940924161192
"WY22_S003",2,39.01704612442,2022-02-14,"USFWS EDSM","Kodiak Trawl","22-29-SM01","Suisun Marsh",5683,13.1,49.1,28.95,"61","Adult",38.18741,-121.97437,"Directed Outflow Project","Liquid nitrogen","UC Davis Aquatic Health Lab","AdClipped",NA,2022-01-11,12800,38.117215,-121.706245,34,1.14756018013
"WY22_S003",3,56.8959680033645,2022-02-14,"USFWS EDSM","Kodiak Trawl","22-29-SM01","Suisun Marsh",5683,13.1,49.1,28.95,"61","Adult",38.18741,-121.97437,"Directed Outflow Project","Liquid nitrogen","UC Davis Aquatic Health Lab","AdClipped",NA,2022-02-03,6400,38.256215,-121.667645,11,5.17236072757859
"WY22_S003",4,0.310170599172623,2022-02-14,"USFWS EDSM","Kodiak Trawl","22-29-SM01","Suisun Marsh",5683,13.1,49.1,28.95,"61","Adult",38.18741,-121.97437,"Directed Outflow Project","Liquid nitrogen","UC Davis Aquatic Health Lab","AdClipped",NA,2022-02-09,12800,38.18729,-121.97802,5,0.0620341198345246
"WY22_BS_01",1,5.07821995895181,2022-01-04,"CDFW Bay Study","Midwater Trawl","760","Sacramento River near Rio Vista",212,8,NA,NA,"77","Adult",38.152333,-121.684833,"NA","95% Ethanol","CDFW Stockton, Chemical Store Room","Adclipped","This fish was originally identified as a Longfin Smelt, sent to UCD (Levi Lewis), returned to CDFW Stockton",2021-12-14,12800,38.14424,-121.69314,21,0.241819998045324
"WY22_BS_01",1,5.07821995895181,2022-02-17,"CDFW Bay Study","Otter Trawl","762","Sacramento River near Ryde",181,9.5,NA,NA,"68","Adult",38.175,-121.657,"Directed Outflow Project","95% Ethanol","UC Davis has head only, body returned to CDFW","Adclipped","UCD (Bruce Hammock) has the head, CDFW Diet and Condition has the body",2021-12-14,12800,38.14424,-121.69314,65,0.0781264609069509
"WY22_BS_01",2,8.55678301985592,2022-02-17,"CDFW Bay Study","Otter Trawl","762","Sacramento River near Ryde",181,9.5,NA,NA,"68","Adult",38.175,-121.657,"Directed Outflow Project","95% Ethanol","UC Davis has head only, body returned to CDFW","Adclipped","UCD (Bruce Hammock) has the head, CDFW Diet and Condition has the body",2022-01-11,12800,38.117215,-121.706245,37,0.231264405942052
"WY22_BS_01",3,10.2958229943801,2022-02-17,"CDFW Bay Study","Otter Trawl","762","Sacramento River near Ryde",181,9.5,NA,NA,"68","Adult",38.175,-121.657,"Directed Outflow Project","95% Ethanol","UC Davis has head only, body returned to CDFW","Adclipped","UCD (Bruce Hammock) has the head, CDFW Diet and Condition has the body",2022-02-03,6400,38.256215,-121.667645,14,0.735415928170007
"WY22_BS_01",4,47.8340295060889,2022-02-17,"CDFW Bay Study","Otter Trawl","762","Sacramento River near Ryde",181,9.5,NA,NA,"68","Adult",38.175,-121.657,"Directed Outflow Project","95% Ethanol","UC Davis has head only, body returned to CDFW","Adclipped","UCD (Bruce Hammock) has the head, CDFW Diet and Condition has the body",2022-02-09,12800,38.18729,-121.97802,8,5.97925368826111
"WY22_BS_01",5,10.2958229943801,2022-02-17,"CDFW Bay Study","Otter Trawl","762","Sacramento River near Ryde",181,9.5,NA,NA,"68","Adult",38.175,-121.657,"Directed Outflow Project","95% Ethanol","UC Davis has head only, body returned to CDFW","Adclipped","UCD (Bruce Hammock) has the head, CDFW Diet and Condition has the body",2022-02-16,10933,38.25614,-121.66755,1,10.2958229943801
"WY22_S004",1,24.5875416097297,2022-02-17,"USFWS Chipps","Midwater Trawl","SB018M","Confluence",2602,11.3,34.1,NA,"86","Adult",38.04598,-121.909917,"Directed Outflow Project","Liquid nitrogen","UC Davis Aquatic Health Lab","AdClipped",NA,2021-12-14,12800,38.14424,-121.69314,65,0.378269870918918
"WY22_S004",2,21.1382504361557,2022-02-17,"USFWS Chipps","Midwater Trawl","SB018M","Confluence",2602,11.3,34.1,NA,"86","Adult",38.04598,-121.909917,"Directed Outflow Project","Liquid nitrogen","UC Davis Aquatic Health Lab","AdClipped",NA,2022-01-11,12800,38.117215,-121.706245,37,0.571304065842047
"WY22_S004",3,39.0171723151001,2022-02-17,"USFWS Chipps","Midwater Trawl","SB018M","Confluence",2602,11.3,34.1,NA,"86","Adult",38.04598,-121.909917,"Directed Outflow Project","Liquid nitrogen","UC Davis Aquatic Health Lab","AdClipped",NA,2022-02-03,6400,38.256215,-121.667645,14,2.78694087965001
"WY22_S004",4,27.8975758975056,2022-02-17,"USFWS Chipps","Midwater Trawl","SB018M","Confluence",2602,11.3,34.1,NA,"86","Adult",38.04598,-121.909917,"Directed Outflow Project","Liquid nitrogen","UC Davis Aquatic Health Lab","AdClipped",NA,2022-02-09,12800,38.18729,-121.97802,8,3.48719698718821
"WY22_S004",5,39.0171723151001,2022-02-17,"USFWS Chipps","Midwater Trawl","SB018M","Confluence",2602,11.3,34.1,NA,"86","Adult",38.04598,-121.909917,"Directed Outflow Project","Liquid nitrogen","UC Davis Aquatic Health Lab","AdClipped",NA,2022-02-16,10933,38.25614,-121.66755,1,39.0171723151001
"WY22_S318",1,47.1294239211859,2022-02-18,"CDFW SKT","Kodiak Trawl","606","Suisun Marsh",3893,11.8,56.4,NA,"64","Adult",38.17108333,-122.0296389,"Directed Outflow Project","Liquid nitrogen","UC Davis Aquatic Health Lab","AdClipped",NA,2021-12-14,12800,38.14424,-121.69314,66,0.714082180624029
"WY22_S318",2,43.680132747612,2022-02-18,"CDFW SKT","Kodiak Trawl","606","Suisun Marsh",3893,11.8,56.4,NA,"64","Adult",38.17108333,-122.0296389,"Directed Outflow Project","Liquid nitrogen","UC Davis Aquatic Health Lab","AdClipped",NA,2022-01-11,12800,38.117215,-121.706245,38,1.14947717756874
"WY22_S318",3,61.5590546265563,2022-02-18,"CDFW SKT","Kodiak Trawl","606","Suisun Marsh",3893,11.8,56.4,NA,"64","Adult",38.17108333,-122.0296389,"Directed Outflow Project","Liquid nitrogen","UC Davis Aquatic Health Lab","AdClipped",NA,2022-02-03,6400,38.256215,-121.667645,15,4.10393697510375
"WY22_S318",4,5.32954213219765,2022-02-18,"CDFW SKT","Kodiak Trawl","606","Suisun Marsh",3893,11.8,56.4,NA,"64","Adult",38.17108333,-122.0296389,"Directed Outflow Project","Liquid nitrogen","UC Davis Aquatic Health Lab","AdClipped",NA,2022-02-09,12800,38.18729,-121.97802,9,0.592171348021961
"WY22_S318",5,61.5590546265563,2022-02-18,"CDFW SKT","Kodiak Trawl","606","Suisun Marsh",3893,11.8,56.4,NA,"64","Adult",38.17108333,-122.0296389,"Directed Outflow Project","Liquid nitrogen","UC Davis Aquatic Health Lab","AdClipped",NA,2022-02-16,10933,38.25614,-121.66755,2,30.7795273132782
"WY22_S317",1,47.1294239211859,2022-02-18,"CDFW SKT","Kodiak Trawl","606","Suisun Marsh",3893,11.8,56.4,NA,"67","Adult",38.17108333,-122.0296389,"Directed Outflow Project","Liquid nitrogen","UC Davis Aquatic Health Lab","AdClipped",NA,2021-12-14,12800,38.14424,-121.69314,66,0.714082180624029
"WY22_S317",2,43.680132747612,2022-02-18,"CDFW SKT","Kodiak Trawl","606","Suisun Marsh",3893,11.8,56.4,NA,"67","Adult",38.17108333,-122.0296389,"Directed Outflow Project","Liquid nitrogen","UC Davis Aquatic Health Lab","AdClipped",NA,2022-01-11,12800,38.117215,-121.706245,38,1.14947717756874
"WY22_S317",3,61.5590546265563,2022-02-18,"CDFW SKT","Kodiak Trawl","606","Suisun Marsh",3893,11.8,56.4,NA,"67","Adult",38.17108333,-122.0296389,"Directed Outflow Project","Liquid nitrogen","UC Davis Aquatic Health Lab","AdClipped",NA,2022-02-03,6400,38.256215,-121.667645,15,4.10393697510375
"WY22_S317",4,5.32954213219765,2022-02-18,"CDFW SKT","Kodiak Trawl","606","Suisun Marsh",3893,11.8,56.4,NA,"67","Adult",38.17108333,-122.0296389,"Directed Outflow Project","Liquid nitrogen","UC Davis Aquatic Health Lab","AdClipped",NA,2022-02-09,12800,38.18729,-121.97802,9,0.592171348021961
"WY22_S317",5,61.5590546265563,2022-02-18,"CDFW SKT","Kodiak Trawl","606","Suisun Marsh",3893,11.8,56.4,NA,"67","Adult",38.17108333,-122.0296389,"Directed Outflow Project","Liquid nitrogen","UC Davis Aquatic Health Lab","AdClipped",NA,2022-02-16,10933,38.25614,-121.66755,2,30.7795273132782
"WY22_S316",1,47.1294239211859,2022-02-18,"CDFW SKT","Kodiak Trawl","606","Suisun Marsh",3893,11.8,56.4,NA,"71","Adult",38.17108333,-122.0296389,"Directed Outflow Project","Liquid nitrogen","UC Davis Aquatic Health Lab","AdClipped",NA,2021-12-14,12800,38.14424,-121.69314,66,0.714082180624029
"WY22_S316",2,43.680132747612,2022-02-18,"CDFW SKT","Kodiak Trawl","606","Suisun Marsh",3893,11.8,56.4,NA,"71","Adult",38.17108333,-122.0296389,"Directed Outflow Project","Liquid nitrogen","UC Davis Aquatic Health Lab","AdClipped",NA,2022-01-11,12800,38.117215,-121.706245,38,1.14947717756874
"WY22_S316",3,61.5590546265563,2022-02-18,"CDFW SKT","Kodiak Trawl","606","Suisun Marsh",3893,11.8,56.4,NA,"71","Adult",38.17108333,-122.0296389,"Directed Outflow Project","Liquid nitrogen","UC Davis Aquatic Health Lab","AdClipped",NA,2022-02-03,6400,38.256215,-121.667645,15,4.10393697510375
"WY22_S316",4,5.32954213219765,2022-02-18,"CDFW SKT","Kodiak Trawl","606","Suisun Marsh",3893,11.8,56.4,NA,"71","Adult",38.17108333,-122.0296389,"Directed Outflow Project","Liquid nitrogen","UC Davis Aquatic Health Lab","AdClipped",NA,2022-02-09,12800,38.18729,-121.97802,9,0.592171348021961
"WY22_S316",5,61.5590546265563,2022-02-18,"CDFW SKT","Kodiak Trawl","606","Suisun Marsh",3893,11.8,56.4,NA,"71","Adult",38.17108333,-122.0296389,"Directed Outflow Project","Liquid nitrogen","UC Davis Aquatic Health Lab","AdClipped",NA,2022-02-16,10933,38.25614,-121.66755,2,30.7795273132782
"WY22_S315",1,47.1294239211859,2022-02-18,"CDFW SKT","Kodiak Trawl","606","Suisun Marsh",3893,11.8,56.4,NA,"75","Adult",38.17108333,-122.0296389,"Directed Outflow Project","Liquid nitrogen","UC Davis Aquatic Health Lab","AdClipped",NA,2021-12-14,12800,38.14424,-121.69314,66,0.714082180624029
"WY22_S315",2,43.680132747612,2022-02-18,"CDFW SKT","Kodiak Trawl","606","Suisun Marsh",3893,11.8,56.4,NA,"75","Adult",38.17108333,-122.0296389,"Directed Outflow Project","Liquid nitrogen","UC Davis Aquatic Health Lab","AdClipped",NA,2022-01-11,12800,38.117215,-121.706245,38,1.14947717756874
"WY22_S315",3,61.5590546265563,2022-02-18,"CDFW SKT","Kodiak Trawl","606","Suisun Marsh",3893,11.8,56.4,NA,"75","Adult",38.17108333,-122.0296389,"Directed Outflow Project","Liquid nitrogen","UC Davis Aquatic Health Lab","AdClipped",NA,2022-02-03,6400,38.256215,-121.667645,15,4.10393697510375
"WY22_S315",4,5.32954213219765,2022-02-18,"CDFW SKT","Kodiak Trawl","606","Suisun Marsh",3893,11.8,56.4,NA,"75","Adult",38.17108333,-122.0296389,"Directed Outflow Project","Liquid nitrogen","UC Davis Aquatic Health Lab","AdClipped",NA,2022-02-09,12800,38.18729,-121.97802,9,0.592171348021961
"WY22_S315",5,61.5590546265563,2022-02-18,"CDFW SKT","Kodiak Trawl","606","Suisun Marsh",3893,11.8,56.4,NA,"75","Adult",38.17108333,-122.0296389,"Directed Outflow Project","Liquid nitrogen","UC Davis Aquatic Health Lab","AdClipped",NA,2022-02-16,10933,38.25614,-121.66755,2,30.7795273132782
"WY22_S303",1,37.6200859580164,2022-02-18,"CDFW SKT","Kodiak Trawl","609","Suisun Marsh",3427,11.2,38.9,NA,"81","Adult",38.16719444,-121.9388611,"Directed Outflow Project","Liquid nitrogen","UC Davis Aquatic Health Lab","AdClipped",NA,2021-12-14,12800,38.14424,-121.69314,66,0.570001302394187
"WY22_S303",2,34.1707947844424,2022-02-18,"CDFW SKT","Kodiak Trawl","609","Suisun Marsh",3427,11.2,38.9,NA,"81","Adult",38.16719444,-121.9388611,"Directed Outflow Project","Liquid nitrogen","UC Davis Aquatic Health Lab","AdClipped",NA,2022-01-11,12800,38.117215,-121.706245,38,0.899231441695853
"WY22_S303",3,52.049716663387,2022-02-18,"CDFW SKT","Kodiak Trawl","609","Suisun Marsh",3427,11.2,38.9,NA,"81","Adult",38.16719444,-121.9388611,"Directed Outflow Project","Liquid nitrogen","UC Davis Aquatic Health Lab","AdClipped",NA,2022-02-03,6400,38.256215,-121.667645,15,3.46998111089247
"WY22_S303",4,5.13572358912099,2022-02-18,"CDFW SKT","Kodiak Trawl","609","Suisun Marsh",3427,11.2,38.9,NA,"81","Adult",38.16719444,-121.9388611,"Directed Outflow Project","Liquid nitrogen","UC Davis Aquatic Health Lab","AdClipped",NA,2022-02-09,12800,38.18729,-121.97802,9,0.570635954346777
"WY22_S303",5,52.049716663387,2022-02-18,"CDFW SKT","Kodiak Trawl","609","Suisun Marsh",3427,11.2,38.9,NA,"81","Adult",38.16719444,-121.9388611,"Directed Outflow Project","Liquid nitrogen","UC Davis Aquatic Health Lab","AdClipped",NA,2022-02-16,10933,38.25614,-121.66755,2,26.0248583316935
"WY22_S005",1,40.145967884929,2022-02-23,"USFWS EDSM","Kodiak Trawl","22-30-SM03","Suisun Marsh",3003,10.1,45.1,27.09,"65","Adult",38.18601,-121.9296,"Directed Outflow Project","Liquid nitrogen","UC Davis Aquatic Health Lab","AdClipped",NA,2021-12-14,12800,38.14424,-121.69314,71,0.565436167393367
"WY22_S005",2,36.6966767113551,2022-02-23,"USFWS EDSM","Kodiak Trawl","22-30-SM03","Suisun Marsh",3003,10.1,45.1,27.09,"65","Adult",38.18601,-121.9296,"Directed Outflow Project","Liquid nitrogen","UC Davis Aquatic Health Lab","AdClipped",NA,2022-01-11,12800,38.117215,-121.706245,43,0.853411086310583
"WY22_S005",3,54.5755985902997,2022-02-23,"USFWS EDSM","Kodiak Trawl","22-30-SM03","Suisun Marsh",3003,10.1,45.1,27.09,"65","Adult",38.18601,-121.9296,"Directed Outflow Project","Liquid nitrogen","UC Davis Aquatic Health Lab","AdClipped",NA,2022-02-03,6400,38.256215,-121.667645,20,2.72877992951498
"WY22_S005",4,7.85615955233254,2022-02-23,"USFWS EDSM","Kodiak Trawl","22-30-SM03","Suisun Marsh",3003,10.1,45.1,27.09,"65","Adult",38.18601,-121.9296,"Directed Outflow Project","Liquid nitrogen","UC Davis Aquatic Health Lab","AdClipped",NA,2022-02-09,12800,38.18729,-121.97802,14,0.561154253738039
"WY22_S005",5,54.5755985902997,2022-02-23,"USFWS EDSM","Kodiak Trawl","22-30-SM03","Suisun Marsh",3003,10.1,45.1,27.09,"65","Adult",38.18601,-121.9296,"Directed Outflow Project","Liquid nitrogen","UC Davis Aquatic Health Lab","AdClipped",NA,2022-02-16,10933,38.25614,-121.66755,7,7.79651408432852
"WY22_S009",1,40.2062872973037,2022-02-23,"USFWS EDSM","Kodiak Trawl","22-30-SM03","Suisun Marsh",3131,10.1,25.1,30.85,"77","Adult",38.18648,-121.92977,"Directed Outflow Project","Liquid nitrogen","UC Davis Aquatic Health Lab","AdClipped",NA,2021-12-14,12800,38.14424,-121.69314,71,0.566285736581742
"WY22_S009",2,36.7569961237297,2022-02-23,"USFWS EDSM","Kodiak Trawl","22-30-SM03","Suisun Marsh",3131,10.1,25.1,30.85,"77","Adult",38.18648,-121.92977,"Directed Outflow Project","Liquid nitrogen","UC Davis Aquatic Health Lab","AdClipped",NA,2022-01-11,12800,38.117215,-121.706245,43,0.854813863342552
"WY22_S009",3,54.6359180026743,2022-02-23,"USFWS EDSM","Kodiak Trawl","22-30-SM03","Suisun Marsh",3131,10.1,25.1,30.85,"77","Adult",38.18648,-121.92977,"Directed Outflow Project","Liquid nitrogen","UC Davis Aquatic Health Lab","AdClipped",NA,2022-02-03,6400,38.256215,-121.667645,20,2.73179590013372
"WY22_S009",4,7.9164789647072,2022-02-23,"USFWS EDSM","Kodiak Trawl","22-30-SM03","Suisun Marsh",3131,10.1,25.1,30.85,"77","Adult",38.18648,-121.92977,"Directed Outflow Project","Liquid nitrogen","UC Davis Aquatic Health Lab","AdClipped",NA,2022-02-09,12800,38.18729,-121.97802,14,0.565462783193372
"WY22_S009",5,54.6359180026743,2022-02-23,"USFWS EDSM","Kodiak Trawl","22-30-SM03","Suisun Marsh",3131,10.1,25.1,30.85,"77","Adult",38.18648,-121.92977,"Directed Outflow Project","Liquid nitrogen","UC Davis Aquatic Health Lab","AdClipped",NA,2022-02-16,10933,38.25614,-121.66755,7,7.80513114323919
"WY22_S006",1,40.145967884929,2022-02-23,"USFWS EDSM","Kodiak Trawl","22-30-SM03","Suisun Marsh",3003,10.1,45.1,27.09,"78","Adult",38.18601,-121.9296,"Directed Outflow Project","Liquid nitrogen","UC Davis Aquatic Health Lab","AdClipped",NA,2021-12-14,12800,38.14424,-121.69314,71,0.565436167393367
"WY22_S006",2,36.6966767113551,2022-02-23,"USFWS EDSM","Kodiak Trawl","22-30-SM03","Suisun Marsh",3003,10.1,45.1,27.09,"78","Adult",38.18601,-121.9296,"Directed Outflow Project","Liquid nitrogen","UC Davis Aquatic Health Lab","AdClipped",NA,2022-01-11,12800,38.117215,-121.706245,43,0.853411086310583
"WY22_S006",3,54.5755985902997,2022-02-23,"USFWS EDSM","Kodiak Trawl","22-30-SM03","Suisun Marsh",3003,10.1,45.1,27.09,"78","Adult",38.18601,-121.9296,"Directed Outflow Project","Liquid nitrogen","UC Davis Aquatic Health Lab","AdClipped",NA,2022-02-03,6400,38.256215,-121.667645,20,2.72877992951498
"WY22_S006",4,7.85615955233254,2022-02-23,"USFWS EDSM","Kodiak Trawl","22-30-SM03","Suisun Marsh",3003,10.1,45.1,27.09,"78","Adult",38.18601,-121.9296,"Directed Outflow Project","Liquid nitrogen","UC Davis Aquatic Health Lab","AdClipped",NA,2022-02-09,12800,38.18729,-121.97802,14,0.561154253738039
"WY22_S006",5,54.5755985902997,2022-02-23,"USFWS EDSM","Kodiak Trawl","22-30-SM03","Suisun Marsh",3003,10.1,45.1,27.09,"78","Adult",38.18601,-121.9296,"Directed Outflow Project","Liquid nitrogen","UC Davis Aquatic Health Lab","AdClipped",NA,2022-02-16,10933,38.25614,-121.66755,7,7.79651408432852
"WY22_S007",1,40.2062872973037,2022-02-23,"USFWS EDSM","Kodiak Trawl","22-30-SM03","Suisun Marsh",3131,10.1,25.1,30.85,"81","Adult",38.18648,-121.92977,"Directed Outflow Project","Liquid nitrogen","UC Davis Aquatic Health Lab","AdClipped",NA,2021-12-14,12800,38.14424,-121.69314,71,0.566285736581742
"WY22_S007",2,36.7569961237297,2022-02-23,"USFWS EDSM","Kodiak Trawl","22-30-SM03","Suisun Marsh",3131,10.1,25.1,30.85,"81","Adult",38.18648,-121.92977,"Directed Outflow Project","Liquid nitrogen","UC Davis Aquatic Health Lab","AdClipped",NA,2022-01-11,12800,38.117215,-121.706245,43,0.854813863342552
"WY22_S007",3,54.6359180026743,2022-02-23,"USFWS EDSM","Kodiak Trawl","22-30-SM03","Suisun Marsh",3131,10.1,25.1,30.85,"81","Adult",38.18648,-121.92977,"Directed Outflow Project","Liquid nitrogen","UC Davis Aquatic Health Lab","AdClipped",NA,2022-02-03,6400,38.256215,-121.667645,20,2.73179590013372
"WY22_S007",4,7.9164789647072,2022-02-23,"USFWS EDSM","Kodiak Trawl","22-30-SM03","Suisun Marsh",3131,10.1,25.1,30.85,"81","Adult",38.18648,-121.92977,"Directed Outflow Project","Liquid nitrogen","UC Davis Aquatic Health Lab","AdClipped",NA,2022-02-09,12800,38.18729,-121.97802,14,0.565462783193372
"WY22_S007",5,54.6359180026743,2022-02-23,"USFWS EDSM","Kodiak Trawl","22-30-SM03","Suisun Marsh",3131,10.1,25.1,30.85,"81","Adult",38.18648,-121.92977,"Directed Outflow Project","Liquid nitrogen","UC Davis Aquatic Health Lab","AdClipped",NA,2022-02-16,10933,38.25614,-121.66755,7,7.80513114323919
"WY22_S008",1,40.2062872973037,2022-02-23,"USFWS EDSM","Kodiak Trawl","22-30-SM03","Suisun Marsh",3131,10.1,25.1,30.85,"86","Adult",38.18648,-121.92977,"Directed Outflow Project","Liquid nitrogen","UC Davis Aquatic Health Lab","AdClipped",NA,2021-12-14,12800,38.14424,-121.69314,71,0.566285736581742
"WY22_S008",2,36.7569961237297,2022-02-23,"USFWS EDSM","Kodiak Trawl","22-30-SM03","Suisun Marsh",3131,10.1,25.1,30.85,"86","Adult",38.18648,-121.92977,"Directed Outflow Project","Liquid nitrogen","UC Davis Aquatic Health Lab","AdClipped",NA,2022-01-11,12800,38.117215,-121.706245,43,0.854813863342552
"WY22_S008",3,54.6359180026743,2022-02-23,"USFWS EDSM","Kodiak Trawl","22-30-SM03","Suisun Marsh",3131,10.1,25.1,30.85,"86","Adult",38.18648,-121.92977,"Directed Outflow Project","Liquid nitrogen","UC Davis Aquatic Health Lab","AdClipped",NA,2022-02-03,6400,38.256215,-121.667645,20,2.73179590013372
"WY22_S008",4,7.9164789647072,2022-02-23,"USFWS EDSM","Kodiak Trawl","22-30-SM03","Suisun Marsh",3131,10.1,25.1,30.85,"86","Adult",38.18648,-121.92977,"Directed Outflow Project","Liquid nitrogen","UC Davis Aquatic Health Lab","AdClipped",NA,2022-02-09,12800,38.18729,-121.97802,14,0.565462783193372
"WY22_S008",5,54.6359180026743,2022-02-23,"USFWS EDSM","Kodiak Trawl","22-30-SM03","Suisun Marsh",3131,10.1,25.1,30.85,"86","Adult",38.18648,-121.92977,"Directed Outflow Project","Liquid nitrogen","UC Davis Aquatic Health Lab","AdClipped",NA,2022-02-16,10933,38.25614,-121.66755,7,7.80513114323919
"WY22_S121",1,24.8104535795345,2022-02-24,"USFWS EDSM","Kodiak Trawl","22-30-LSSC01","Lower Sacramento River Ship Channel",386.8,11.2,25.6,16.72,"57","Adult",38.34239,-121.64437,"Directed Outflow Project","Liquid nitrogen","UC Davis Aquatic Health Lab","AdClipped",NA,2021-12-14,12800,38.14424,-121.69314,72,0.34458963304909
"WY22_S121",2,28.2890166404386,2022-02-24,"USFWS EDSM","Kodiak Trawl","22-30-LSSC01","Lower Sacramento River Ship Channel",386.8,11.2,25.6,16.72,"57","Adult",38.34239,-121.64437,"Directed Outflow Project","Liquid nitrogen","UC Davis Aquatic Health Lab","AdClipped",NA,2022-01-11,12800,38.117215,-121.706245,44,0.642932196373604
"WY22_S121",3,10.3808228741636,2022-02-24,"USFWS EDSM","Kodiak Trawl","22-30-LSSC01","Lower Sacramento River Ship Channel",386.8,11.2,25.6,16.72,"57","Adult",38.34239,-121.64437,"Directed Outflow Project","Liquid nitrogen","UC Davis Aquatic Health Lab","AdClipped",NA,2022-02-03,6400,38.256215,-121.667645,21,0.494324898769697
"WY22_S121",4,67.5662631266717,2022-02-24,"USFWS EDSM","Kodiak Trawl","22-30-LSSC01","Lower Sacramento River Ship Channel",386.8,11.2,25.6,16.72,"57","Adult",38.34239,-121.64437,"Directed Outflow Project","Liquid nitrogen","UC Davis Aquatic Health Lab","AdClipped",NA,2022-02-09,12800,38.18729,-121.97802,15,4.50441754177811
"WY22_S121",5,10.3808228741636,2022-02-24,"USFWS EDSM","Kodiak Trawl","22-30-LSSC01","Lower Sacramento River Ship Channel",386.8,11.2,25.6,16.72,"57","Adult",38.34239,-121.64437,"Directed Outflow Project","Liquid nitrogen","UC Davis Aquatic Health Lab","AdClipped",NA,2022-02-16,10933,38.25614,-121.66755,8,1.29760285927046
"WY22_S123",1,24.920743229268,2022-02-24,"USFWS EDSM","Kodiak Trawl","22-30-LSSC01","Lower Sacramento River Ship Channel",396.5,11,30.1,17.68,"66","Adult",38.34318,-121.64418,"Directed Outflow Project","Liquid nitrogen","UC Davis Aquatic Health Lab","AdClipped",NA,2021-12-14,12800,38.14424,-121.69314,72,0.346121433739833
"WY22_S123",2,28.3993062901721,2022-02-24,"USFWS EDSM","Kodiak Trawl","22-30-LSSC01","Lower Sacramento River Ship Channel",396.5,11,30.1,17.68,"66","Adult",38.34318,-121.64418,"Directed Outflow Project","Liquid nitrogen","UC Davis Aquatic Health Lab","AdClipped",NA,2022-01-11,12800,38.117215,-121.706245,44,0.645438779322093
"WY22_S123",3,10.4911125238972,2022-02-24,"USFWS EDSM","Kodiak Trawl","22-30-LSSC01","Lower Sacramento River Ship Channel",396.5,11,30.1,17.68,"66","Adult",38.34318,-121.64418,"Directed Outflow Project","Liquid nitrogen","UC Davis Aquatic Health Lab","AdClipped",NA,2022-02-03,6400,38.256215,-121.667645,21,0.499576786852246
"WY22_S123",4,67.6765527764052,2022-02-24,"USFWS EDSM","Kodiak Trawl","22-30-LSSC01","Lower Sacramento River Ship Channel",396.5,11,30.1,17.68,"66","Adult",38.34318,-121.64418,"Directed Outflow Project","Liquid nitrogen","UC Davis Aquatic Health Lab","AdClipped",NA,2022-02-09,12800,38.18729,-121.97802,15,4.51177018509368
"WY22_S123",5,10.4911125238972,2022-02-24,"USFWS EDSM","Kodiak Trawl","22-30-LSSC01","Lower Sacramento River Ship Channel",396.5,11,30.1,17.68,"66","Adult",38.34318,-121.64418,"Directed Outflow Project","Liquid nitrogen","UC Davis Aquatic Health Lab","AdClipped",NA,2022-02-16,10933,38.25614,-121.66755,8,1.31138906548715
"WY22_S122",1,24.8104535795345,2022-02-24,"USFWS EDSM","Kodiak Trawl","22-30-LSSC01","Lower Sacramento River Ship Channel",386.8,11.2,25.6,16.72,"68","Adult",38.34239,-121.64437,"Directed Outflow Project","Liquid nitrogen","UC Davis Aquatic Health Lab","AdClipped",NA,2021-12-14,12800,38.14424,-121.69314,72,0.34458963304909
"WY22_S122",2,28.2890166404386,2022-02-24,"USFWS EDSM","Kodiak Trawl","22-30-LSSC01","Lower Sacramento River Ship Channel",386.8,11.2,25.6,16.72,"68","Adult",38.34239,-121.64437,"Directed Outflow Project","Liquid nitrogen","UC Davis Aquatic Health Lab","AdClipped",NA,2022-01-11,12800,38.117215,-121.706245,44,0.642932196373604
"WY22_S122",3,10.3808228741636,2022-02-24,"USFWS EDSM","Kodiak Trawl","22-30-LSSC01","Lower Sacramento River Ship Channel",386.8,11.2,25.6,16.72,"68","Adult",38.34239,-121.64437,"Directed Outflow Project","Liquid nitrogen","UC Davis Aquatic Health Lab","AdClipped",NA,2022-02-03,6400,38.256215,-121.667645,21,0.494324898769697
"WY22_S122",4,67.5662631266717,2022-02-24,"USFWS EDSM","Kodiak Trawl","22-30-LSSC01","Lower Sacramento River Ship Channel",386.8,11.2,25.6,16.72,"68","Adult",38.34239,-121.64437,"Directed Outflow Project","Liquid nitrogen","UC Davis Aquatic Health Lab","AdClipped",NA,2022-02-09,12800,38.18729,-121.97802,15,4.50441754177811
"WY22_S122",5,10.3808228741636,2022-02-24,"USFWS EDSM","Kodiak Trawl","22-30-LSSC01","Lower Sacramento River Ship Channel",386.8,11.2,25.6,16.72,"68","Adult",38.34239,-121.64437,"Directed Outflow Project","Liquid nitrogen","UC Davis Aquatic Health Lab","AdClipped",NA,2022-02-16,10933,38.25614,-121.66755,8,1.29760285927046
"WY22_S120",1,24.8104535795345,2022-02-24,"USFWS EDSM","Kodiak Trawl","22-30-LSSC01","Lower Sacramento River Ship Channel",386.8,11.2,25.6,16.72,"80","Adult",38.34239,-121.64437,"Directed Outflow Project","Liquid nitrogen","UC Davis Aquatic Health Lab","AdClipped",NA,2021-12-14,12800,38.14424,-121.69314,72,0.34458963304909
"WY22_S120",2,28.2890166404386,2022-02-24,"USFWS EDSM","Kodiak Trawl","22-30-LSSC01","Lower Sacramento River Ship Channel",386.8,11.2,25.6,16.72,"80","Adult",38.34239,-121.64437,"Directed Outflow Project","Liquid nitrogen","UC Davis Aquatic Health Lab","AdClipped",NA,2022-01-11,12800,38.117215,-121.706245,44,0.642932196373604
"WY22_S120",3,10.3808228741636,2022-02-24,"USFWS EDSM","Kodiak Trawl","22-30-LSSC01","Lower Sacramento River Ship Channel",386.8,11.2,25.6,16.72,"80","Adult",38.34239,-121.64437,"Directed Outflow Project","Liquid nitrogen","UC Davis Aquatic Health Lab","AdClipped",NA,2022-02-03,6400,38.256215,-121.667645,21,0.494324898769697
"WY22_S120",4,67.5662631266717,2022-02-24,"USFWS EDSM","Kodiak Trawl","22-30-LSSC01","Lower Sacramento River Ship Channel",386.8,11.2,25.6,16.72,"80","Adult",38.34239,-121.64437,"Directed Outflow Project","Liquid nitrogen","UC Davis Aquatic Health Lab","AdClipped",NA,2022-02-09,12800,38.18729,-121.97802,15,4.50441754177811
"WY22_S120",5,10.3808228741636,2022-02-24,"USFWS EDSM","Kodiak Trawl","22-30-LSSC01","Lower Sacramento River Ship Channel",386.8,11.2,25.6,16.72,"80","Adult",38.34239,-121.64437,"Directed Outflow Project","Liquid nitrogen","UC Davis Aquatic Health Lab","AdClipped",NA,2022-02-16,10933,38.25614,-121.66755,8,1.29760285927046
"WY22_S126",1,30.7025286286343,2022-03-02,"USFWS EDSM","Kodiak Trawl","22-31-LSSC01","Lower Sacramento River Ship Channel",602,11.8,91.3,42.6,"66","Adult",38.38862,-121.62302,"Directed Outflow Project","Liquid nitrogen","UC Davis Aquatic Health Lab","VIE-Right/Red/Mid-dorsal",NA,2021-12-14,12800,38.14424,-121.69314,78,0.393622161905568
"WY22_S126",2,34.1810916895384,2022-03-02,"USFWS EDSM","Kodiak Trawl","22-31-LSSC01","Lower Sacramento River Ship Channel",602,11.8,91.3,42.6,"66","Adult",38.38862,-121.62302,"Directed Outflow Project","Liquid nitrogen","UC Davis Aquatic Health Lab","VIE-Right/Red/Mid-dorsal",NA,2022-01-11,12800,38.117215,-121.706245,50,0.683621833790768
"WY22_S126",3,16.2728979232636,2022-03-02,"USFWS EDSM","Kodiak Trawl","22-31-LSSC01","Lower Sacramento River Ship Channel",602,11.8,91.3,42.6,"66","Adult",38.38862,-121.62302,"Directed Outflow Project","Liquid nitrogen","UC Davis Aquatic Health Lab","VIE-Right/Red/Mid-dorsal",NA,2022-02-03,6400,38.256215,-121.667645,27,0.602699923083836
"WY22_S126",4,73.4583381757718,2022-03-02,"USFWS EDSM","Kodiak Trawl","22-31-LSSC01","Lower Sacramento River Ship Channel",602,11.8,91.3,42.6,"66","Adult",38.38862,-121.62302,"Directed Outflow Project","Liquid nitrogen","UC Davis Aquatic Health Lab","VIE-Right/Red/Mid-dorsal",NA,2022-02-09,12800,38.18729,-121.97802,21,3.49801610360818
"WY22_S126",5,16.2728979232636,2022-03-02,"USFWS EDSM","Kodiak Trawl","22-31-LSSC01","Lower Sacramento River Ship Channel",602,11.8,91.3,42.6,"66","Adult",38.38862,-121.62302,"Directed Outflow Project","Liquid nitrogen","UC Davis Aquatic Health Lab","VIE-Right/Red/Mid-dorsal",NA,2022-02-16,10933,38.25614,-121.66755,14,1.16234985166168
"WY22_S127",1,30.3156270357084,2022-03-02,"USFWS EDSM","Kodiak Trawl","22-31-LSSC01","Lower Sacramento River Ship Channel",597,11.9,83.4,43.11,"71","Adult",38.38561,-121.62474,"Directed Outflow Project","Liquid nitrogen","UC Davis Aquatic Health Lab","AdClipped",NA,2021-12-14,12800,38.14424,-121.69314,78,0.388661885073185
"WY22_S127",2,33.7941900966125,2022-03-02,"USFWS EDSM","Kodiak Trawl","22-31-LSSC01","Lower Sacramento River Ship Channel",597,11.9,83.4,43.11,"71","Adult",38.38561,-121.62474,"Directed Outflow Project","Liquid nitrogen","UC Davis Aquatic Health Lab","AdClipped",NA,2022-01-11,12800,38.117215,-121.706245,50,0.67588380193225
"WY22_S127",3,15.8859963303377,2022-03-02,"USFWS EDSM","Kodiak Trawl","22-31-LSSC01","Lower Sacramento River Ship Channel",597,11.9,83.4,43.11,"71","Adult",38.38561,-121.62474,"Directed Outflow Project","Liquid nitrogen","UC Davis Aquatic Health Lab","AdClipped",NA,2022-02-03,6400,38.256215,-121.667645,27,0.58837023445695
"WY22_S127",4,73.0714365828458,2022-03-02,"USFWS EDSM","Kodiak Trawl","22-31-LSSC01","Lower Sacramento River Ship Channel",597,11.9,83.4,43.11,"71","Adult",38.38561,-121.62474,"Directed Outflow Project","Liquid nitrogen","UC Davis Aquatic Health Lab","AdClipped",NA,2022-02-09,12800,38.18729,-121.97802,21,3.47959221823075
"WY22_S127",5,15.8859963303377,2022-03-02,"USFWS EDSM","Kodiak Trawl","22-31-LSSC01","Lower Sacramento River Ship Channel",597,11.9,83.4,43.11,"71","Adult",38.38561,-121.62474,"Directed Outflow Project","Liquid nitrogen","UC Davis Aquatic Health Lab","AdClipped",NA,2022-02-16,10933,38.25614,-121.66755,14,1.13471402359555
"WY22_S125",1,35.0944564124542,2022-03-02,"USFWS EDSM","Kodiak Trawl","22-31-LSSC02","Lower Sacramento River Ship Channel",695,12.2,96.2,41.72,"76","Adult",38.42282,-121.60663,"Directed Outflow Project","Liquid nitrogen","UC Davis Aquatic Health Lab","AdClipped",NA,2021-12-14,12800,38.14424,-121.69314,78,0.449928928364797
"WY22_S125",2,38.5730194733583,2022-03-02,"USFWS EDSM","Kodiak Trawl","22-31-LSSC02","Lower Sacramento River Ship Channel",695,12.2,96.2,41.72,"76","Adult",38.42282,-121.60663,"Directed Outflow Project","Liquid nitrogen","UC Davis Aquatic Health Lab","AdClipped",NA,2022-01-11,12800,38.117215,-121.706245,50,0.771460389467166
"WY22_S125",3,20.6648257070834,2022-03-02,"USFWS EDSM","Kodiak Trawl","22-31-LSSC02","Lower Sacramento River Ship Channel",695,12.2,96.2,41.72,"76","Adult",38.42282,-121.60663,"Directed Outflow Project","Liquid nitrogen","UC Davis Aquatic Health Lab","AdClipped",NA,2022-02-03,6400,38.256215,-121.667645,27,0.765363915077163
"WY22_S125",4,77.8502659595918,2022-03-02,"USFWS EDSM","Kodiak Trawl","22-31-LSSC02","Lower Sacramento River Ship Channel",695,12.2,96.2,41.72,"76","Adult",38.42282,-121.60663,"Directed Outflow Project","Liquid nitrogen","UC Davis Aquatic Health Lab","AdClipped",NA,2022-02-09,12800,38.18729,-121.97802,21,3.70715552188532
"WY22_S125",5,20.6648257070834,2022-03-02,"USFWS EDSM","Kodiak Trawl","22-31-LSSC02","Lower Sacramento River Ship Channel",695,12.2,96.2,41.72,"76","Adult",38.42282,-121.60663,"Directed Outflow Project","Liquid nitrogen","UC Davis Aquatic Health Lab","AdClipped",NA,2022-02-16,10933,38.25614,-121.66755,14,1.47605897907739
"WY22_S124",1,43.9554738158037,2022-03-02,"USFWS EDSM","Kodiak Trawl","22-31-USSC01","Upper Sacramento River Ship Channel",927,11.5,40.6,22,"84","Adult",38.49548,-121.58396,"Directed Outflow Project","Liquid nitrogen","UC Davis Aquatic Health Lab","AdClipped",NA,2021-12-14,12800,38.14424,-121.69314,78,0.563531715587228
"WY22_S124",2,47.4340368767079,2022-03-02,"USFWS EDSM","Kodiak Trawl","22-31-USSC01","Upper Sacramento River Ship Channel",927,11.5,40.6,22,"84","Adult",38.49548,-121.58396,"Directed Outflow Project","Liquid nitrogen","UC Davis Aquatic Health Lab","AdClipped",NA,2022-01-11,12800,38.117215,-121.706245,50,0.948680737534157
"WY22_S124",3,29.5258431104329,2022-03-02,"USFWS EDSM","Kodiak Trawl","22-31-USSC01","Upper Sacramento River Ship Channel",927,11.5,40.6,22,"84","Adult",38.49548,-121.58396,"Directed Outflow Project","Liquid nitrogen","UC Davis Aquatic Health Lab","AdClipped",NA,2022-02-03,6400,38.256215,-121.667645,27,1.09354974483085
"WY22_S124",4,86.7112833629416,2022-03-02,"USFWS EDSM","Kodiak Trawl","22-31-USSC01","Upper Sacramento River Ship Channel",927,11.5,40.6,22,"84","Adult",38.49548,-121.58396,"Directed Outflow Project","Liquid nitrogen","UC Davis Aquatic Health Lab","AdClipped",NA,2022-02-09,12800,38.18729,-121.97802,21,4.12910873156865
"WY22_S124",5,29.5258431104329,2022-03-02,"USFWS EDSM","Kodiak Trawl","22-31-USSC01","Upper Sacramento River Ship Channel",927,11.5,40.6,22,"84","Adult",38.49548,-121.58396,"Directed Outflow Project","Liquid nitrogen","UC Davis Aquatic Health Lab","AdClipped",NA,2022-02-16,10933,38.25614,-121.66755,14,2.10898879360235
"WY22_S010",1,50.9678231673503,2022-03-03,"USFWS EDSM","Kodiak Trawl","22-31-SM01","Suisun Marsh",5041,13.7,58.8,41.21,"79","Adult",38.19645,-122.04503,"Directed Outflow Project","Liquid nitrogen","UC Davis Aquatic Health Lab","AdClipped",NA,2021-12-14,12800,38.14424,-121.69314,79,0.645162318574054
"WY22_S010",2,47.5185319937763,2022-03-03,"USFWS EDSM","Kodiak Trawl","22-31-SM01","Suisun Marsh",5041,13.7,58.8,41.21,"79","Adult",38.19645,-122.04503,"Directed Outflow Project","Liquid nitrogen","UC Davis Aquatic Health Lab","AdClipped",NA,2022-01-11,12800,38.117215,-121.706245,51,0.931735921446595
"WY22_S010",3,65.3974538727209,2022-03-03,"USFWS EDSM","Kodiak Trawl","22-31-SM01","Suisun Marsh",5041,13.7,58.8,41.21,"79","Adult",38.19645,-122.04503,"Directed Outflow Project","Liquid nitrogen","UC Davis Aquatic Health Lab","AdClipped",NA,2022-02-03,6400,38.256215,-121.667645,28,2.33562335259718
"WY22_S010",4,8.29480702033121,2022-03-03,"USFWS EDSM","Kodiak Trawl","22-31-SM01","Suisun Marsh",5041,13.7,58.8,41.21,"79","Adult",38.19645,-122.04503,"Directed Outflow Project","Liquid nitrogen","UC Davis Aquatic Health Lab","AdClipped",NA,2022-02-09,12800,38.18729,-121.97802,22,0.377036682742328
"WY22_S010",5,65.3974538727209,2022-03-03,"USFWS EDSM","Kodiak Trawl","22-31-SM01","Suisun Marsh",5041,13.7,58.8,41.21,"79","Adult",38.19645,-122.04503,"Directed Outflow Project","Liquid nitrogen","UC Davis Aquatic Health Lab","AdClipped",NA,2022-02-16,10933,38.25614,-121.66755,15,4.3598302581814
"WY22_S129",1,27.2239655677303,2022-03-08,"USFWS EDSM","Kodiak Trawl","22-32-LSSC01","Lower Sacramento River Ship Channel",433.9,12.2,27.2,17.61,"53","Adult",38.36135,-121.63593,"Directed Outflow Project","Liquid nitrogen","UC Davis Aquatic Health Lab","AdClipped",NA,2021-12-14,12800,38.14424,-121.69314,84,0.324094828187265
"WY22_S129",2,30.7025286286343,2022-03-08,"USFWS EDSM","Kodiak Trawl","22-32-LSSC01","Lower Sacramento River Ship Channel",433.9,12.2,27.2,17.61,"53","Adult",38.36135,-121.63593,"Directed Outflow Project","Liquid nitrogen","UC Davis Aquatic Health Lab","AdClipped",NA,2022-01-11,12800,38.117215,-121.706245,56,0.548259439797042
"WY22_S129",3,12.7943348623595,2022-03-08,"USFWS EDSM","Kodiak Trawl","22-32-LSSC01","Lower Sacramento River Ship Channel",433.9,12.2,27.2,17.61,"53","Adult",38.36135,-121.63593,"Directed Outflow Project","Liquid nitrogen","UC Davis Aquatic Health Lab","AdClipped",NA,2022-02-03,6400,38.256215,-121.667645,33,0.387707117041196
"WY22_S129",4,69.9797751148676,2022-03-08,"USFWS EDSM","Kodiak Trawl","22-32-LSSC01","Lower Sacramento River Ship Channel",433.9,12.2,27.2,17.61,"53","Adult",38.36135,-121.63593,"Directed Outflow Project","Liquid nitrogen","UC Davis Aquatic Health Lab","AdClipped",NA,2022-02-09,12800,38.18729,-121.97802,27,2.59184352277287
"WY22_S129",5,12.7943348623595,2022-03-08,"USFWS EDSM","Kodiak Trawl","22-32-LSSC01","Lower Sacramento River Ship Channel",433.9,12.2,27.2,17.61,"53","Adult",38.36135,-121.63593,"Directed Outflow Project","Liquid nitrogen","UC Davis Aquatic Health Lab","AdClipped",NA,2022-02-16,10933,38.25614,-121.66755,20,0.639716743117973
"WY22_S128",1,27.2239655677303,2022-03-08,"USFWS EDSM","Kodiak Trawl","22-32-LSSC01","Lower Sacramento River Ship Channel",433.9,12.2,27.2,17.61,"65","Adult",38.36135,-121.63593,"Directed Outflow Project","Liquid nitrogen","UC Davis Aquatic Health Lab","VIE-Right/Red/Mid-dorsal",NA,2021-12-14,12800,38.14424,-121.69314,84,0.324094828187265
"WY22_S128",2,30.7025286286343,2022-03-08,"USFWS EDSM","Kodiak Trawl","22-32-LSSC01","Lower Sacramento River Ship Channel",433.9,12.2,27.2,17.61,"65","Adult",38.36135,-121.63593,"Directed Outflow Project","Liquid nitrogen","UC Davis Aquatic Health Lab","VIE-Right/Red/Mid-dorsal",NA,2022-01-11,12800,38.117215,-121.706245,56,0.548259439797042
"WY22_S128",3,12.7943348623595,2022-03-08,"USFWS EDSM","Kodiak Trawl","22-32-LSSC01","Lower Sacramento River Ship Channel",433.9,12.2,27.2,17.61,"65","Adult",38.36135,-121.63593,"Directed Outflow Project","Liquid nitrogen","UC Davis Aquatic Health Lab","VIE-Right/Red/Mid-dorsal",NA,2022-02-03,6400,38.256215,-121.667645,33,0.387707117041196
"WY22_S128",4,69.9797751148676,2022-03-08,"USFWS EDSM","Kodiak Trawl","22-32-LSSC01","Lower Sacramento River Ship Channel",433.9,12.2,27.2,17.61,"65","Adult",38.36135,-121.63593,"Directed Outflow Project","Liquid nitrogen","UC Davis Aquatic Health Lab","VIE-Right/Red/Mid-dorsal",NA,2022-02-09,12800,38.18729,-121.97802,27,2.59184352277287
"WY22_S128",5,12.7943348623595,2022-03-08,"USFWS EDSM","Kodiak Trawl","22-32-LSSC01","Lower Sacramento River Ship Channel",433.9,12.2,27.2,17.61,"65","Adult",38.36135,-121.63593,"Directed Outflow Project","Liquid nitrogen","UC Davis Aquatic Health Lab","VIE-Right/Red/Mid-dorsal",NA,2022-02-16,10933,38.25614,-121.66755,20,0.639716743117973
"WY22_S131",1,27.2239655677303,2022-03-08,"USFWS EDSM","Kodiak Trawl","22-32-LSSC01","Lower Sacramento River Ship Channel",433.9,12.2,27.2,17.61,"65","Adult",38.36135,-121.63593,"Directed Outflow Project","Liquid nitrogen","UC Davis Aquatic Health Lab","AdClipped",NA,2021-12-14,12800,38.14424,-121.69314,84,0.324094828187265
"WY22_S131",2,30.7025286286343,2022-03-08,"USFWS EDSM","Kodiak Trawl","22-32-LSSC01","Lower Sacramento River Ship Channel",433.9,12.2,27.2,17.61,"65","Adult",38.36135,-121.63593,"Directed Outflow Project","Liquid nitrogen","UC Davis Aquatic Health Lab","AdClipped",NA,2022-01-11,12800,38.117215,-121.706245,56,0.548259439797042
"WY22_S131",3,12.7943348623595,2022-03-08,"USFWS EDSM","Kodiak Trawl","22-32-LSSC01","Lower Sacramento River Ship Channel",433.9,12.2,27.2,17.61,"65","Adult",38.36135,-121.63593,"Directed Outflow Project","Liquid nitrogen","UC Davis Aquatic Health Lab","AdClipped",NA,2022-02-03,6400,38.256215,-121.667645,33,0.387707117041196
"WY22_S131",4,69.9797751148676,2022-03-08,"USFWS EDSM","Kodiak Trawl","22-32-LSSC01","Lower Sacramento River Ship Channel",433.9,12.2,27.2,17.61,"65","Adult",38.36135,-121.63593,"Directed Outflow Project","Liquid nitrogen","UC Davis Aquatic Health Lab","AdClipped",NA,2022-02-09,12800,38.18729,-121.97802,27,2.59184352277287
"WY22_S131",5,12.7943348623595,2022-03-08,"USFWS EDSM","Kodiak Trawl","22-32-LSSC01","Lower Sacramento River Ship Channel",433.9,12.2,27.2,17.61,"65","Adult",38.36135,-121.63593,"Directed Outflow Project","Liquid nitrogen","UC Davis Aquatic Health Lab","AdClipped",NA,2022-02-16,10933,38.25614,-121.66755,20,0.639716743117973
"WY22_S130",1,27.2239655677303,2022-03-08,"USFWS EDSM","Kodiak Trawl","22-32-LSSC01","Lower Sacramento River Ship Channel",433.9,12.2,27.2,17.61,"67","Adult",38.36135,-121.63593,"Directed Outflow Project","Liquid nitrogen","UC Davis Aquatic Health Lab","VIE-Right/Red/Mid-dorsal",NA,2021-12-14,12800,38.14424,-121.69314,84,0.324094828187265
"WY22_S130",2,30.7025286286343,2022-03-08,"USFWS EDSM","Kodiak Trawl","22-32-LSSC01","Lower Sacramento River Ship Channel",433.9,12.2,27.2,17.61,"67","Adult",38.36135,-121.63593,"Directed Outflow Project","Liquid nitrogen","UC Davis Aquatic Health Lab","VIE-Right/Red/Mid-dorsal",NA,2022-01-11,12800,38.117215,-121.706245,56,0.548259439797042
"WY22_S130",3,12.7943348623595,2022-03-08,"USFWS EDSM","Kodiak Trawl","22-32-LSSC01","Lower Sacramento River Ship Channel",433.9,12.2,27.2,17.61,"67","Adult",38.36135,-121.63593,"Directed Outflow Project","Liquid nitrogen","UC Davis Aquatic Health Lab","VIE-Right/Red/Mid-dorsal",NA,2022-02-03,6400,38.256215,-121.667645,33,0.387707117041196
"WY22_S130",4,69.9797751148676,2022-03-08,"USFWS EDSM","Kodiak Trawl","22-32-LSSC01","Lower Sacramento River Ship Channel",433.9,12.2,27.2,17.61,"67","Adult",38.36135,-121.63593,"Directed Outflow Project","Liquid nitrogen","UC Davis Aquatic Health Lab","VIE-Right/Red/Mid-dorsal",NA,2022-02-09,12800,38.18729,-121.97802,27,2.59184352277287
"WY22_S130",5,12.7943348623595,2022-03-08,"USFWS EDSM","Kodiak Trawl","22-32-LSSC01","Lower Sacramento River Ship Channel",433.9,12.2,27.2,17.61,"67","Adult",38.36135,-121.63593,"Directed Outflow Project","Liquid nitrogen","UC Davis Aquatic Health Lab","VIE-Right/Red/Mid-dorsal",NA,2022-02-16,10933,38.25614,-121.66755,20,0.639716743117973
"WY22_S132",1,27.2239655677303,2022-03-08,"USFWS EDSM","Kodiak Trawl","22-32-LSSC01","Lower Sacramento River Ship Channel",433.9,12.2,27.2,17.61,"78","Adult",38.36135,-121.63593,"Directed Outflow Project","Liquid nitrogen","UC Davis Aquatic Health Lab","AdClipped",NA,2021-12-14,12800,38.14424,-121.69314,84,0.324094828187265
"WY22_S132",2,30.7025286286343,2022-03-08,"USFWS EDSM","Kodiak Trawl","22-32-LSSC01","Lower Sacramento River Ship Channel",433.9,12.2,27.2,17.61,"78","Adult",38.36135,-121.63593,"Directed Outflow Project","Liquid nitrogen","UC Davis Aquatic Health Lab","AdClipped",NA,2022-01-11,12800,38.117215,-121.706245,56,0.548259439797042
"WY22_S132",3,12.7943348623595,2022-03-08,"USFWS EDSM","Kodiak Trawl","22-32-LSSC01","Lower Sacramento River Ship Channel",433.9,12.2,27.2,17.61,"78","Adult",38.36135,-121.63593,"Directed Outflow Project","Liquid nitrogen","UC Davis Aquatic Health Lab","AdClipped",NA,2022-02-03,6400,38.256215,-121.667645,33,0.387707117041196
"WY22_S132",4,69.9797751148676,2022-03-08,"USFWS EDSM","Kodiak Trawl","22-32-LSSC01","Lower Sacramento River Ship Channel",433.9,12.2,27.2,17.61,"78","Adult",38.36135,-121.63593,"Directed Outflow Project","Liquid nitrogen","UC Davis Aquatic Health Lab","AdClipped",NA,2022-02-09,12800,38.18729,-121.97802,27,2.59184352277287
"WY22_S132",5,12.7943348623595,2022-03-08,"USFWS EDSM","Kodiak Trawl","22-32-LSSC01","Lower Sacramento River Ship Channel",433.9,12.2,27.2,17.61,"78","Adult",38.36135,-121.63593,"Directed Outflow Project","Liquid nitrogen","UC Davis Aquatic Health Lab","AdClipped",NA,2022-02-16,10933,38.25614,-121.66755,20,0.639716743117973
"WY22_S011",1,39.0177816176413,2022-03-11,"USFWS EDSM","Kodiak Trawl","22-32-SM01","Suisun Marsh",2244.8,12.8,30.5,21.9,"68","Adult",38.17485,-121.94928,"Directed Outflow Project","Liquid nitrogen","UC Davis Aquatic Health Lab","AdClipped",NA,2021-12-14,12800,38.14424,-121.69314,87,0.448480248478636
"WY22_S011",2,35.5684904440674,2022-03-11,"USFWS EDSM","Kodiak Trawl","22-32-SM01","Suisun Marsh",2244.8,12.8,30.5,21.9,"68","Adult",38.17485,-121.94928,"Directed Outflow Project","Liquid nitrogen","UC Davis Aquatic Health Lab","AdClipped",NA,2022-01-11,12800,38.117215,-121.706245,59,0.60285577023843
"WY22_S011",3,53.4474123230119,2022-03-11,"USFWS EDSM","Kodiak Trawl","22-32-SM01","Suisun Marsh",2244.8,12.8,30.5,21.9,"68","Adult",38.17485,-121.94928,"Directed Outflow Project","Liquid nitrogen","UC Davis Aquatic Health Lab","AdClipped",NA,2022-02-03,6400,38.256215,-121.667645,36,1.48465034230589
"WY22_S011",4,3.79657170415647,2022-03-11,"USFWS EDSM","Kodiak Trawl","22-32-SM01","Suisun Marsh",2244.8,12.8,30.5,21.9,"68","Adult",38.17485,-121.94928,"Directed Outflow Project","Liquid nitrogen","UC Davis Aquatic Health Lab","AdClipped",NA,2022-02-09,12800,38.18729,-121.97802,30,0.126552390138549
"WY22_S011",5,53.4474123230119,2022-03-11,"USFWS EDSM","Kodiak Trawl","22-32-SM01","Suisun Marsh",2244.8,12.8,30.5,21.9,"68","Adult",38.17485,-121.94928,"Directed Outflow Project","Liquid nitrogen","UC Davis Aquatic Health Lab","AdClipped",NA,2022-02-16,10933,38.25614,-121.66755,23,2.32380053578313
"WY22_S012",1,44.326625399807,2022-03-11,"USFWS EDSM","Kodiak Trawl","22-32-SM03","Suisun Marsh",4392,13.1,30.9,20.4,"82","Adult",38.18124,-121.99375,"Directed Outflow Project","Liquid nitrogen","UC Davis Aquatic Health Lab","AdClipped",NA,2021-12-14,12800,38.14424,-121.69314,87,0.509501441377092
"WY22_S012",2,40.877334226233,2022-03-11,"USFWS EDSM","Kodiak Trawl","22-32-SM03","Suisun Marsh",4392,13.1,30.9,20.4,"82","Adult",38.18124,-121.99375,"Directed Outflow Project","Liquid nitrogen","UC Davis Aquatic Health Lab","AdClipped",NA,2022-01-11,12800,38.117215,-121.706245,59,0.692836173325983
"WY22_S012",3,58.7562561051776,2022-03-11,"USFWS EDSM","Kodiak Trawl","22-32-SM03","Suisun Marsh",4392,13.1,30.9,20.4,"82","Adult",38.18124,-121.99375,"Directed Outflow Project","Liquid nitrogen","UC Davis Aquatic Health Lab","AdClipped",NA,2022-02-03,6400,38.256215,-121.667645,36,1.63211822514382
"WY22_S012",4,1.65360925278777,2022-03-11,"USFWS EDSM","Kodiak Trawl","22-32-SM03","Suisun Marsh",4392,13.1,30.9,20.4,"82","Adult",38.18124,-121.99375,"Directed Outflow Project","Liquid nitrogen","UC Davis Aquatic Health Lab","AdClipped",NA,2022-02-09,12800,38.18729,-121.97802,30,0.0551203084262589
"WY22_S012",5,58.7562561051776,2022-03-11,"USFWS EDSM","Kodiak Trawl","22-32-SM03","Suisun Marsh",4392,13.1,30.9,20.4,"82","Adult",38.18124,-121.99375,"Directed Outflow Project","Liquid nitrogen","UC Davis Aquatic Health Lab","AdClipped",NA,2022-02-16,10933,38.25614,-121.66755,23,2.5546198306599
"WY22_S304",1,12.9960437194172,2022-03-16,"CDFW SKT","Kodiak Trawl","704","Lower Sacramento River",340,13.2,18.5,NA,"70","Adult",38.06577778,-121.7885278,"Directed Outflow Project","Liquid nitrogen","UC Davis Aquatic Health Lab","AdClipped",NA,2021-12-14,12800,38.14424,-121.69314,92,0.141261344776274
"WY22_S304",2,9.54675254584328,2022-03-16,"CDFW SKT","Kodiak Trawl","704","Lower Sacramento River",340,13.2,18.5,NA,"70","Adult",38.06577778,-121.7885278,"Directed Outflow Project","Liquid nitrogen","UC Davis Aquatic Health Lab","AdClipped",NA,2022-01-11,12800,38.117215,-121.706245,64,0.149168008528801
"WY22_S304",3,27.4256744247878,2022-03-16,"CDFW SKT","Kodiak Trawl","704","Lower Sacramento River",340,13.2,18.5,NA,"70","Adult",38.06577778,-121.7885278,"Directed Outflow Project","Liquid nitrogen","UC Davis Aquatic Health Lab","AdClipped",NA,2022-02-03,6400,38.256215,-121.667645,41,0.668918888409458
"WY22_S304",4,29.7597658277204,2022-03-16,"CDFW SKT","Kodiak Trawl","704","Lower Sacramento River",340,13.2,18.5,NA,"70","Adult",38.06577778,-121.7885278,"Directed Outflow Project","Liquid nitrogen","UC Davis Aquatic Health Lab","AdClipped",NA,2022-02-09,12800,38.18729,-121.97802,35,0.850279023649153
"WY22_S304",5,27.4256744247878,2022-03-16,"CDFW SKT","Kodiak Trawl","704","Lower Sacramento River",340,13.2,18.5,NA,"70","Adult",38.06577778,-121.7885278,"Directed Outflow Project","Liquid nitrogen","UC Davis Aquatic Health Lab","AdClipped",NA,2022-02-16,10933,38.25614,-121.66755,28,0.979488372313849
"WY22_S302",1,23.7179062572098,2022-03-16,"CDFW SKT","Kodiak Trawl","719","Lower Sacramento River Ship Channel",348,13.7,44.1,NA,"59","Adult",38.3335,-121.647,"Directed Outflow Project","Liquid nitrogen","UC Davis Aquatic Health Lab","AdClipped",NA,2021-12-14,12800,38.14424,-121.69314,92,0.257803328882716
"WY22_S302",2,27.1964693181139,2022-03-16,"CDFW SKT","Kodiak Trawl","719","Lower Sacramento River Ship Channel",348,13.7,44.1,NA,"59","Adult",38.3335,-121.647,"Directed Outflow Project","Liquid nitrogen","UC Davis Aquatic Health Lab","AdClipped",NA,2022-01-11,12800,38.117215,-121.706245,64,0.42494483309553
"WY22_S302",3,9.28827555183899,2022-03-16,"CDFW SKT","Kodiak Trawl","719","Lower Sacramento River Ship Channel",348,13.7,44.1,NA,"59","Adult",38.3335,-121.647,"Directed Outflow Project","Liquid nitrogen","UC Davis Aquatic Health Lab","AdClipped",NA,2022-02-03,6400,38.256215,-121.667645,41,0.226543306142414
"WY22_S302",4,66.473715804347,2022-03-16,"CDFW SKT","Kodiak Trawl","719","Lower Sacramento River Ship Channel",348,13.7,44.1,NA,"59","Adult",38.3335,-121.647,"Directed Outflow Project","Liquid nitrogen","UC Davis Aquatic Health Lab","AdClipped",NA,2022-02-09,12800,38.18729,-121.97802,35,1.89924902298134
"WY22_S302",5,9.28827555183899,2022-03-16,"CDFW SKT","Kodiak Trawl","719","Lower Sacramento River Ship Channel",348,13.7,44.1,NA,"59","Adult",38.3335,-121.647,"Directed Outflow Project","Liquid nitrogen","UC Davis Aquatic Health Lab","AdClipped",NA,2022-02-16,10933,38.25614,-121.66755,28,0.331724126851392
"WY22_S301",1,23.7179062572098,2022-03-16,"CDFW SKT","Kodiak Trawl","719","Lower Sacramento River Ship Channel",348,13.7,44.1,NA,"80","Adult",38.3335,-121.647,"Directed Outflow Project","Liquid nitrogen","UC Davis Aquatic Health Lab","AdClipped",NA,2021-12-14,12800,38.14424,-121.69314,92,0.257803328882716
"WY22_S301",2,27.1964693181139,2022-03-16,"CDFW SKT","Kodiak Trawl","719","Lower Sacramento River Ship Channel",348,13.7,44.1,NA,"80","Adult",38.3335,-121.647,"Directed Outflow Project","Liquid nitrogen","UC Davis Aquatic Health Lab","AdClipped",NA,2022-01-11,12800,38.117215,-121.706245,64,0.42494483309553
"WY22_S301",3,9.28827555183899,2022-03-16,"CDFW SKT","Kodiak Trawl","719","Lower Sacramento River Ship Channel",348,13.7,44.1,NA,"80","Adult",38.3335,-121.647,"Directed Outflow Project","Liquid nitrogen","UC Davis Aquatic Health Lab","AdClipped",NA,2022-02-03,6400,38.256215,-121.667645,41,0.226543306142414
"WY22_S301",4,66.473715804347,2022-03-16,"CDFW SKT","Kodiak Trawl","719","Lower Sacramento River Ship Channel",348,13.7,44.1,NA,"80","Adult",38.3335,-121.647,"Directed Outflow Project","Liquid nitrogen","UC Davis Aquatic Health Lab","AdClipped",NA,2022-02-09,12800,38.18729,-121.97802,35,1.89924902298134
"WY22_S301",5,9.28827555183899,2022-03-16,"CDFW SKT","Kodiak Trawl","719","Lower Sacramento River Ship Channel",348,13.7,44.1,NA,"80","Adult",38.3335,-121.647,"Directed Outflow Project","Liquid nitrogen","UC Davis Aquatic Health Lab","AdClipped",NA,2022-02-16,10933,38.25614,-121.66755,28,0.331724126851392
"WY22_S310",1,47.1294239211859,2022-03-17,"CDFW SKT","Kodiak Trawl","606","Suisun Marsh",3608,14,67.6,NA,"69","Adult",38.17108333,-122.0296389,"Directed Outflow Project","Liquid nitrogen","UC Davis Aquatic Health Lab","AdClipped",NA,2021-12-14,12800,38.14424,-121.69314,93,0.506767999152537
"WY22_S310",2,43.680132747612,2022-03-17,"CDFW SKT","Kodiak Trawl","606","Suisun Marsh",3608,14,67.6,NA,"69","Adult",38.17108333,-122.0296389,"Directed Outflow Project","Liquid nitrogen","UC Davis Aquatic Health Lab","AdClipped",NA,2022-01-11,12800,38.117215,-121.706245,65,0.672002042270954
"WY22_S310",3,61.5590546265563,2022-03-17,"CDFW SKT","Kodiak Trawl","606","Suisun Marsh",3608,14,67.6,NA,"69","Adult",38.17108333,-122.0296389,"Directed Outflow Project","Liquid nitrogen","UC Davis Aquatic Health Lab","AdClipped",NA,2022-02-03,6400,38.256215,-121.667645,42,1.46569177682277
"WY22_S310",4,5.32954213219765,2022-03-17,"CDFW SKT","Kodiak Trawl","606","Suisun Marsh",3608,14,67.6,NA,"69","Adult",38.17108333,-122.0296389,"Directed Outflow Project","Liquid nitrogen","UC Davis Aquatic Health Lab","AdClipped",NA,2022-02-09,12800,38.18729,-121.97802,36,0.14804283700549
"WY22_S310",5,61.5590546265563,2022-03-17,"CDFW SKT","Kodiak Trawl","606","Suisun Marsh",3608,14,67.6,NA,"69","Adult",38.17108333,-122.0296389,"Directed Outflow Project","Liquid nitrogen","UC Davis Aquatic Health Lab","AdClipped",NA,2022-02-16,10933,38.25614,-121.66755,29,2.12272602160539
"WY22_S311",1,47.1294239211859,2022-03-17,"CDFW SKT","Kodiak Trawl","606","Suisun Marsh",3608,14,67.6,NA,"70","Adult",38.17108333,-122.0296389,"Directed Outflow Project","Liquid nitrogen","UC Davis Aquatic Health Lab","AdClipped",NA,2021-12-14,12800,38.14424,-121.69314,93,0.506767999152537
"WY22_S311",2,43.680132747612,2022-03-17,"CDFW SKT","Kodiak Trawl","606","Suisun Marsh",3608,14,67.6,NA,"70","Adult",38.17108333,-122.0296389,"Directed Outflow Project","Liquid nitrogen","UC Davis Aquatic Health Lab","AdClipped",NA,2022-01-11,12800,38.117215,-121.706245,65,0.672002042270954
"WY22_S311",3,61.5590546265563,2022-03-17,"CDFW SKT","Kodiak Trawl","606","Suisun Marsh",3608,14,67.6,NA,"70","Adult",38.17108333,-122.0296389,"Directed Outflow Project","Liquid nitrogen","UC Davis Aquatic Health Lab","AdClipped",NA,2022-02-03,6400,38.256215,-121.667645,42,1.46569177682277
"WY22_S311",4,5.32954213219765,2022-03-17,"CDFW SKT","Kodiak Trawl","606","Suisun Marsh",3608,14,67.6,NA,"70","Adult",38.17108333,-122.0296389,"Directed Outflow Project","Liquid nitrogen","UC Davis Aquatic Health Lab","AdClipped",NA,2022-02-09,12800,38.18729,-121.97802,36,0.14804283700549
"WY22_S311",5,61.5590546265563,2022-03-17,"CDFW SKT","Kodiak Trawl","606","Suisun Marsh",3608,14,67.6,NA,"70","Adult",38.17108333,-122.0296389,"Directed Outflow Project","Liquid nitrogen","UC Davis Aquatic Health Lab","AdClipped",NA,2022-02-16,10933,38.25614,-121.66755,29,2.12272602160539
"WY22_S309",1,47.1294239211859,2022-03-17,"CDFW SKT","Kodiak Trawl","606","Suisun Marsh",3608,14,67.6,NA,"71","Adult",38.17108333,-122.0296389,"Directed Outflow Project","Liquid nitrogen","UC Davis Aquatic Health Lab","AdClipped",NA,2021-12-14,12800,38.14424,-121.69314,93,0.506767999152537
"WY22_S309",2,43.680132747612,2022-03-17,"CDFW SKT","Kodiak Trawl","606","Suisun Marsh",3608,14,67.6,NA,"71","Adult",38.17108333,-122.0296389,"Directed Outflow Project","Liquid nitrogen","UC Davis Aquatic Health Lab","AdClipped",NA,2022-01-11,12800,38.117215,-121.706245,65,0.672002042270954
"WY22_S309",3,61.5590546265563,2022-03-17,"CDFW SKT","Kodiak Trawl","606","Suisun Marsh",3608,14,67.6,NA,"71","Adult",38.17108333,-122.0296389,"Directed Outflow Project","Liquid nitrogen","UC Davis Aquatic Health Lab","AdClipped",NA,2022-02-03,6400,38.256215,-121.667645,42,1.46569177682277
"WY22_S309",4,5.32954213219765,2022-03-17,"CDFW SKT","Kodiak Trawl","606","Suisun Marsh",3608,14,67.6,NA,"71","Adult",38.17108333,-122.0296389,"Directed Outflow Project","Liquid nitrogen","UC Davis Aquatic Health Lab","AdClipped",NA,2022-02-09,12800,38.18729,-121.97802,36,0.14804283700549
"WY22_S309",5,61.5590546265563,2022-03-17,"CDFW SKT","Kodiak Trawl","606","Suisun Marsh",3608,14,67.6,NA,"71","Adult",38.17108333,-122.0296389,"Directed Outflow Project","Liquid nitrogen","UC Davis Aquatic Health Lab","AdClipped",NA,2022-02-16,10933,38.25614,-121.66755,29,2.12272602160539
"WY22_S312",1,47.1294239211859,2022-03-17,"CDFW SKT","Kodiak Trawl","606","Suisun Marsh",3608,14,67.6,NA,"85","Adult",38.17108333,-122.0296389,"Directed Outflow Project","Liquid nitrogen","UC Davis Aquatic Health Lab","VIE-Right/Red/Mid-dorsal",NA,2021-12-14,12800,38.14424,-121.69314,93,0.506767999152537
"WY22_S312",2,43.680132747612,2022-03-17,"CDFW SKT","Kodiak Trawl","606","Suisun Marsh",3608,14,67.6,NA,"85","Adult",38.17108333,-122.0296389,"Directed Outflow Project","Liquid nitrogen","UC Davis Aquatic Health Lab","VIE-Right/Red/Mid-dorsal",NA,2022-01-11,12800,38.117215,-121.706245,65,0.672002042270954
"WY22_S312",3,61.5590546265563,2022-03-17,"CDFW SKT","Kodiak Trawl","606","Suisun Marsh",3608,14,67.6,NA,"85","Adult",38.17108333,-122.0296389,"Directed Outflow Project","Liquid nitrogen","UC Davis Aquatic Health Lab","VIE-Right/Red/Mid-dorsal",NA,2022-02-03,6400,38.256215,-121.667645,42,1.46569177682277
"WY22_S312",4,5.32954213219765,2022-03-17,"CDFW SKT","Kodiak Trawl","606","Suisun Marsh",3608,14,67.6,NA,"85","Adult",38.17108333,-122.0296389,"Directed Outflow Project","Liquid nitrogen","UC Davis Aquatic Health Lab","VIE-Right/Red/Mid-dorsal",NA,2022-02-09,12800,38.18729,-121.97802,36,0.14804283700549
"WY22_S312",5,61.5590546265563,2022-03-17,"CDFW SKT","Kodiak Trawl","606","Suisun Marsh",3608,14,67.6,NA,"85","Adult",38.17108333,-122.0296389,"Directed Outflow Project","Liquid nitrogen","UC Davis Aquatic Health Lab","VIE-Right/Red/Mid-dorsal",NA,2022-02-16,10933,38.25614,-121.66755,29,2.12272602160539
"WY22_S308",1,37.6200859580164,2022-03-17,"CDFW SKT","Kodiak Trawl","609","Suisun Marsh",2163,14.5,56.7,NA,"71","Adult",38.16719444,-121.9388611,"Directed Outflow Project","Liquid nitrogen","UC Davis Aquatic Health Lab","AdClipped",NA,2021-12-14,12800,38.14424,-121.69314,93,0.404517053312004
"WY22_S308",2,34.1707947844424,2022-03-17,"CDFW SKT","Kodiak Trawl","609","Suisun Marsh",2163,14.5,56.7,NA,"71","Adult",38.16719444,-121.9388611,"Directed Outflow Project","Liquid nitrogen","UC Davis Aquatic Health Lab","AdClipped",NA,2022-01-11,12800,38.117215,-121.706245,65,0.525704535145268
"WY22_S308",3,52.049716663387,2022-03-17,"CDFW SKT","Kodiak Trawl","609","Suisun Marsh",2163,14.5,56.7,NA,"71","Adult",38.16719444,-121.9388611,"Directed Outflow Project","Liquid nitrogen","UC Davis Aquatic Health Lab","AdClipped",NA,2022-02-03,6400,38.256215,-121.667645,42,1.23927896817588
"WY22_S308",4,5.13572358912099,2022-03-17,"CDFW SKT","Kodiak Trawl","609","Suisun Marsh",2163,14.5,56.7,NA,"71","Adult",38.16719444,-121.9388611,"Directed Outflow Project","Liquid nitrogen","UC Davis Aquatic Health Lab","AdClipped",NA,2022-02-09,12800,38.18729,-121.97802,36,0.142658988586694
"WY22_S308",5,52.049716663387,2022-03-17,"CDFW SKT","Kodiak Trawl","609","Suisun Marsh",2163,14.5,56.7,NA,"71","Adult",38.16719444,-121.9388611,"Directed Outflow Project","Liquid nitrogen","UC Davis Aquatic Health Lab","AdClipped",NA,2022-02-16,10933,38.25614,-121.66755,29,1.79481781597886
"WY22_S305",1,37.6200859580164,2022-03-17,"CDFW SKT","Kodiak Trawl","609","Suisun Marsh",2163,14.5,56.7,NA,"78","Adult",38.16719444,-121.9388611,"Directed Outflow Project","Liquid nitrogen","UC Davis Aquatic Health Lab","AdClipped",NA,2021-12-14,12800,38.14424,-121.69314,93,0.404517053312004
"WY22_S305",2,34.1707947844424,2022-03-17,"CDFW SKT","Kodiak Trawl","609","Suisun Marsh",2163,14.5,56.7,NA,"78","Adult",38.16719444,-121.9388611,"Directed Outflow Project","Liquid nitrogen","UC Davis Aquatic Health Lab","AdClipped",NA,2022-01-11,12800,38.117215,-121.706245,65,0.525704535145268
"WY22_S305",3,52.049716663387,2022-03-17,"CDFW SKT","Kodiak Trawl","609","Suisun Marsh",2163,14.5,56.7,NA,"78","Adult",38.16719444,-121.9388611,"Directed Outflow Project","Liquid nitrogen","UC Davis Aquatic Health Lab","AdClipped",NA,2022-02-03,6400,38.256215,-121.667645,42,1.23927896817588
"WY22_S305",4,5.13572358912099,2022-03-17,"CDFW SKT","Kodiak Trawl","609","Suisun Marsh",2163,14.5,56.7,NA,"78","Adult",38.16719444,-121.9388611,"Directed Outflow Project","Liquid nitrogen","UC Davis Aquatic Health Lab","AdClipped",NA,2022-02-09,12800,38.18729,-121.97802,36,0.142658988586694
"WY22_S305",5,52.049716663387,2022-03-17,"CDFW SKT","Kodiak Trawl","609","Suisun Marsh",2163,14.5,56.7,NA,"78","Adult",38.16719444,-121.9388611,"Directed Outflow Project","Liquid nitrogen","UC Davis Aquatic Health Lab","AdClipped",NA,2022-02-16,10933,38.25614,-121.66755,29,1.79481781597886
"WY22_S306",1,37.6200859580164,2022-03-17,"CDFW SKT","Kodiak Trawl","609","Suisun Marsh",2163,14.5,56.7,NA,"80","Adult",38.16719444,-121.9388611,"Directed Outflow Project","Liquid nitrogen","UC Davis Aquatic Health Lab","AdClipped",NA,2021-12-14,12800,38.14424,-121.69314,93,0.404517053312004
"WY22_S306",2,34.1707947844424,2022-03-17,"CDFW SKT","Kodiak Trawl","609","Suisun Marsh",2163,14.5,56.7,NA,"80","Adult",38.16719444,-121.9388611,"Directed Outflow Project","Liquid nitrogen","UC Davis Aquatic Health Lab","AdClipped",NA,2022-01-11,12800,38.117215,-121.706245,65,0.525704535145268
"WY22_S306",3,52.049716663387,2022-03-17,"CDFW SKT","Kodiak Trawl","609","Suisun Marsh",2163,14.5,56.7,NA,"80","Adult",38.16719444,-121.9388611,"Directed Outflow Project","Liquid nitrogen","UC Davis Aquatic Health Lab","AdClipped",NA,2022-02-03,6400,38.256215,-121.667645,42,1.23927896817588
"WY22_S306",4,5.13572358912099,2022-03-17,"CDFW SKT","Kodiak Trawl","609","Suisun Marsh",2163,14.5,56.7,NA,"80","Adult",38.16719444,-121.9388611,"Directed Outflow Project","Liquid nitrogen","UC Davis Aquatic Health Lab","AdClipped",NA,2022-02-09,12800,38.18729,-121.97802,36,0.142658988586694
"WY22_S306",5,52.049716663387,2022-03-17,"CDFW SKT","Kodiak Trawl","609","Suisun Marsh",2163,14.5,56.7,NA,"80","Adult",38.16719444,-121.9388611,"Directed Outflow Project","Liquid nitrogen","UC Davis Aquatic Health Lab","AdClipped",NA,2022-02-16,10933,38.25614,-121.66755,29,1.79481781597886
"WY22_S307",1,37.6200859580164,2022-03-17,"CDFW SKT","Kodiak Trawl","609","Suisun Marsh",2163,14.5,56.7,NA,"81","Adult",38.16719444,-121.9388611,"Directed Outflow Project","Liquid nitrogen","UC Davis Aquatic Health Lab","AdClipped",NA,2021-12-14,12800,38.14424,-121.69314,93,0.404517053312004
"WY22_S307",2,34.1707947844424,2022-03-17,"CDFW SKT","Kodiak Trawl","609","Suisun Marsh",2163,14.5,56.7,NA,"81","Adult",38.16719444,-121.9388611,"Directed Outflow Project","Liquid nitrogen","UC Davis Aquatic Health Lab","AdClipped",NA,2022-01-11,12800,38.117215,-121.706245,65,0.525704535145268
"WY22_S307",3,52.049716663387,2022-03-17,"CDFW SKT","Kodiak Trawl","609","Suisun Marsh",2163,14.5,56.7,NA,"81","Adult",38.16719444,-121.9388611,"Directed Outflow Project","Liquid nitrogen","UC Davis Aquatic Health Lab","AdClipped",NA,2022-02-03,6400,38.256215,-121.667645,42,1.23927896817588
"WY22_S307",4,5.13572358912099,2022-03-17,"CDFW SKT","Kodiak Trawl","609","Suisun Marsh",2163,14.5,56.7,NA,"81","Adult",38.16719444,-121.9388611,"Directed Outflow Project","Liquid nitrogen","UC Davis Aquatic Health Lab","AdClipped",NA,2022-02-09,12800,38.18729,-121.97802,36,0.142658988586694
"WY22_S307",5,52.049716663387,2022-03-17,"CDFW SKT","Kodiak Trawl","609","Suisun Marsh",2163,14.5,56.7,NA,"81","Adult",38.16719444,-121.9388611,"Directed Outflow Project","Liquid nitrogen","UC Davis Aquatic Health Lab","AdClipped",NA,2022-02-16,10933,38.25614,-121.66755,29,1.79481781597886
"WY22_S133",1,33.1014046731643,2022-03-17,"USFWS EDSM","Kodiak Trawl","22-33-LSSC01","Lower Sacramento River Ship Channel",618,13.4,65.9,31.71,"61","Adult",38.40742,-121.61433,"Directed Outflow Project","Liquid nitrogen","UC Davis Aquatic Health Lab","AdClipped",NA,2021-12-14,12800,38.14424,-121.69314,93,0.355929082507144
"WY22_S133",2,36.5799677340685,2022-03-17,"USFWS EDSM","Kodiak Trawl","22-33-LSSC01","Lower Sacramento River Ship Channel",618,13.4,65.9,31.71,"61","Adult",38.40742,-121.61433,"Directed Outflow Project","Liquid nitrogen","UC Davis Aquatic Health Lab","AdClipped",NA,2022-01-11,12800,38.117215,-121.706245,65,0.562768734370284
"WY22_S133",3,18.6717739677936,2022-03-17,"USFWS EDSM","Kodiak Trawl","22-33-LSSC01","Lower Sacramento River Ship Channel",618,13.4,65.9,31.71,"61","Adult",38.40742,-121.61433,"Directed Outflow Project","Liquid nitrogen","UC Davis Aquatic Health Lab","AdClipped",NA,2022-02-03,6400,38.256215,-121.667645,42,0.444566046852229
"WY22_S133",4,75.8572142203019,2022-03-17,"USFWS EDSM","Kodiak Trawl","22-33-LSSC01","Lower Sacramento River Ship Channel",618,13.4,65.9,31.71,"61","Adult",38.40742,-121.61433,"Directed Outflow Project","Liquid nitrogen","UC Davis Aquatic Health Lab","AdClipped",NA,2022-02-09,12800,38.18729,-121.97802,36,2.10714483945283
"WY22_S133",5,18.6717739677936,2022-03-17,"USFWS EDSM","Kodiak Trawl","22-33-LSSC01","Lower Sacramento River Ship Channel",618,13.4,65.9,31.71,"61","Adult",38.40742,-121.61433,"Directed Outflow Project","Liquid nitrogen","UC Davis Aquatic Health Lab","AdClipped",NA,2022-02-16,10933,38.25614,-121.66755,29,0.643854274751504
"WY22_S134",1,28.4603611957704,2022-03-21,"USFWS EDSM","Kodiak Trawl","22-34-CS03","Cache Slough and Liberty Island",738,14.8,33.8,20.73,"68","Adult",38.37201,-121.63474,"Directed Outflow Project","Liquid nitrogen","UC Davis Aquatic Health Lab","AdClipped",NA,2021-12-14,12800,38.14424,-121.69314,97,0.293405785523406
"WY22_S134",2,31.9389242566745,2022-03-21,"USFWS EDSM","Kodiak Trawl","22-34-CS03","Cache Slough and Liberty Island",738,14.8,33.8,20.73,"68","Adult",38.37201,-121.63474,"Directed Outflow Project","Liquid nitrogen","UC Davis Aquatic Health Lab","AdClipped",NA,2022-01-11,12800,38.117215,-121.706245,69,0.462882960241659
"WY22_S134",3,14.0514288404289,2022-03-21,"USFWS EDSM","Kodiak Trawl","22-34-CS03","Cache Slough and Liberty Island",738,14.8,33.8,20.73,"68","Adult",38.37201,-121.63474,"Directed Outflow Project","Liquid nitrogen","UC Davis Aquatic Health Lab","AdClipped",NA,2022-02-03,6400,38.256215,-121.667645,46,0.30546584435715
"WY22_S134",4,71.2161707429078,2022-03-21,"USFWS EDSM","Kodiak Trawl","22-34-CS03","Cache Slough and Liberty Island",738,14.8,33.8,20.73,"68","Adult",38.37201,-121.63474,"Directed Outflow Project","Liquid nitrogen","UC Davis Aquatic Health Lab","AdClipped",NA,2022-02-09,12800,38.18729,-121.97802,40,1.7804042685727
"WY22_S134",5,14.0514288404289,2022-03-21,"USFWS EDSM","Kodiak Trawl","22-34-CS03","Cache Slough and Liberty Island",738,14.8,33.8,20.73,"68","Adult",38.37201,-121.63474,"Directed Outflow Project","Liquid nitrogen","UC Davis Aquatic Health Lab","AdClipped",NA,2022-02-16,10933,38.25614,-121.66755,33,0.425800873952391
"WY22_S13",1,40.4922082710199,2022-03-22,"USFWS EDSM","Kodiak Trawl","22-34-SM01","Suisun Marsh",4335,15.4,90.4,45.41,"71","Adult",38.17484,-121.96336,"Directed Outflow Project","Liquid nitrogen","UC Davis Aquatic Health Lab","AdClipped",NA,2021-12-14,12800,38.14424,-121.69314,98,0.413185798683876
"WY22_S13",2,37.0429170974459,2022-03-22,"USFWS EDSM","Kodiak Trawl","22-34-SM01","Suisun Marsh",4335,15.4,90.4,45.41,"71","Adult",38.17484,-121.96336,"Directed Outflow Project","Liquid nitrogen","UC Davis Aquatic Health Lab","AdClipped",NA,2022-01-11,12800,38.117215,-121.706245,70,0.529184529963514
"WY22_S13",3,54.9218389763905,2022-03-22,"USFWS EDSM","Kodiak Trawl","22-34-SM01","Suisun Marsh",4335,15.4,90.4,45.41,"71","Adult",38.17484,-121.96336,"Directed Outflow Project","Liquid nitrogen","UC Davis Aquatic Health Lab","AdClipped",NA,2022-02-03,6400,38.256215,-121.667645,47,1.16854976545512
"WY22_S13",4,2.26360127611742,2022-03-22,"USFWS EDSM","Kodiak Trawl","22-34-SM01","Suisun Marsh",4335,15.4,90.4,45.41,"71","Adult",38.17484,-121.96336,"Directed Outflow Project","Liquid nitrogen","UC Davis Aquatic Health Lab","AdClipped",NA,2022-02-09,12800,38.18729,-121.97802,41,0.0552097872223762
"WY22_S13",5,54.9218389763905,2022-03-22,"USFWS EDSM","Kodiak Trawl","22-34-SM01","Suisun Marsh",4335,15.4,90.4,45.41,"71","Adult",38.17484,-121.96336,"Directed Outflow Project","Liquid nitrogen","UC Davis Aquatic Health Lab","AdClipped",NA,2022-02-16,10933,38.25614,-121.66755,34,1.61534820518796
"WY22_S135",1,39.4242891461857,2022-03-23,"USFWS EDSM","Kodiak Trawl","22-34-LSSC01","Lower Sacramento River Ship Channel",736,14.6,45.2,24.69,"63","Adult",38.45705,-121.59178,"Directed Outflow Project","Liquid nitrogen","UC Davis Aquatic Health Lab","AdClipped",NA,2021-12-14,12800,38.14424,-121.69314,99,0.398225142890764
"WY22_S135",2,42.9028522070898,2022-03-23,"USFWS EDSM","Kodiak Trawl","22-34-LSSC01","Lower Sacramento River Ship Channel",736,14.6,45.2,24.69,"63","Adult",38.45705,-121.59178,"Directed Outflow Project","Liquid nitrogen","UC Davis Aquatic Health Lab","AdClipped",NA,2022-01-11,12800,38.117215,-121.706245,71,0.604265524043518
"WY22_S135",3,24.9946584408149,2022-03-23,"USFWS EDSM","Kodiak Trawl","22-34-LSSC01","Lower Sacramento River Ship Channel",736,14.6,45.2,24.69,"63","Adult",38.45705,-121.59178,"Directed Outflow Project","Liquid nitrogen","UC Davis Aquatic Health Lab","AdClipped",NA,2022-02-03,6400,38.256215,-121.667645,48,0.52072205085031
"WY22_S135",4,82.1800986933234,2022-03-23,"USFWS EDSM","Kodiak Trawl","22-34-LSSC01","Lower Sacramento River Ship Channel",736,14.6,45.2,24.69,"63","Adult",38.45705,-121.59178,"Directed Outflow Project","Liquid nitrogen","UC Davis Aquatic Health Lab","AdClipped",NA,2022-02-09,12800,38.18729,-121.97802,42,1.9566690165077
"WY22_S135",5,24.9946584408149,2022-03-23,"USFWS EDSM","Kodiak Trawl","22-34-LSSC01","Lower Sacramento River Ship Channel",736,14.6,45.2,24.69,"63","Adult",38.45705,-121.59178,"Directed Outflow Project","Liquid nitrogen","UC Davis Aquatic Health Lab","AdClipped",NA,2022-02-16,10933,38.25614,-121.66755,35,0.714133098308996
"WY22_S137",1,33.6442793845336,2022-03-23,"USFWS EDSM","Kodiak Trawl","22-34-LSSC02","Lower Sacramento River Ship Channel",577,15,44.1,23.7,"65","Adult",38.41126,-121.61166,"Directed Outflow Project","Liquid nitrogen","UC Davis Aquatic Health Lab","VIE-Right/Red/Mid-dorsal",NA,2021-12-14,12800,38.14424,-121.69314,99,0.339841205904379
"WY22_S137",2,37.1228424454377,2022-03-23,"USFWS EDSM","Kodiak Trawl","22-34-LSSC02","Lower Sacramento River Ship Channel",577,15,44.1,23.7,"65","Adult",38.41126,-121.61166,"Directed Outflow Project","Liquid nitrogen","UC Davis Aquatic Health Lab","VIE-Right/Red/Mid-dorsal",NA,2022-01-11,12800,38.117215,-121.706245,71,0.522856935851235
"WY22_S137",3,19.2146486791628,2022-03-23,"USFWS EDSM","Kodiak Trawl","22-34-LSSC02","Lower Sacramento River Ship Channel",577,15,44.1,23.7,"65","Adult",38.41126,-121.61166,"Directed Outflow Project","Liquid nitrogen","UC Davis Aquatic Health Lab","VIE-Right/Red/Mid-dorsal",NA,2022-02-03,6400,38.256215,-121.667645,48,0.400305180815892
"WY22_S137",4,76.4000889316712,2022-03-23,"USFWS EDSM","Kodiak Trawl","22-34-LSSC02","Lower Sacramento River Ship Channel",577,15,44.1,23.7,"65","Adult",38.41126,-121.61166,"Directed Outflow Project","Liquid nitrogen","UC Davis Aquatic Health Lab","VIE-Right/Red/Mid-dorsal",NA,2022-02-09,12800,38.18729,-121.97802,42,1.81904973646836
"WY22_S137",5,19.2146486791628,2022-03-23,"USFWS EDSM","Kodiak Trawl","22-34-LSSC02","Lower Sacramento River Ship Channel",577,15,44.1,23.7,"65","Adult",38.41126,-121.61166,"Directed Outflow Project","Liquid nitrogen","UC Davis Aquatic Health Lab","VIE-Right/Red/Mid-dorsal",NA,2022-02-16,10933,38.25614,-121.66755,35,0.548989962261795
"WY22_S140",1,33.8295243903069,2022-03-23,"USFWS EDSM","Kodiak Trawl","22-34-LSSC02","Lower Sacramento River Ship Channel",602,15,47.6,24.25,"67","Adult",38.41286,-121.6114,"Directed Outflow Project","Liquid nitrogen","UC Davis Aquatic Health Lab","AdClipped",NA,2021-12-14,12800,38.14424,-121.69314,99,0.341712367578857
"WY22_S140",2,37.308087451211,2022-03-23,"USFWS EDSM","Kodiak Trawl","22-34-LSSC02","Lower Sacramento River Ship Channel",602,15,47.6,24.25,"67","Adult",38.41286,-121.6114,"Directed Outflow Project","Liquid nitrogen","UC Davis Aquatic Health Lab","AdClipped",NA,2022-01-11,12800,38.117215,-121.706245,71,0.525466020439591
"WY22_S140",3,19.3998936849361,2022-03-23,"USFWS EDSM","Kodiak Trawl","22-34-LSSC02","Lower Sacramento River Ship Channel",602,15,47.6,24.25,"67","Adult",38.41286,-121.6114,"Directed Outflow Project","Liquid nitrogen","UC Davis Aquatic Health Lab","AdClipped",NA,2022-02-03,6400,38.256215,-121.667645,48,0.404164451769502
"WY22_S140",4,76.5853339374445,2022-03-23,"USFWS EDSM","Kodiak Trawl","22-34-LSSC02","Lower Sacramento River Ship Channel",602,15,47.6,24.25,"67","Adult",38.41286,-121.6114,"Directed Outflow Project","Liquid nitrogen","UC Davis Aquatic Health Lab","AdClipped",NA,2022-02-09,12800,38.18729,-121.97802,42,1.82346033184392
"WY22_S140",5,19.3998936849361,2022-03-23,"USFWS EDSM","Kodiak Trawl","22-34-LSSC02","Lower Sacramento River Ship Channel",602,15,47.6,24.25,"67","Adult",38.41286,-121.6114,"Directed Outflow Project","Liquid nitrogen","UC Davis Aquatic Health Lab","AdClipped",NA,2022-02-16,10933,38.25614,-121.66755,35,0.554282676712461
"WY22_S139",1,33.8295243903069,2022-03-23,"USFWS EDSM","Kodiak Trawl","22-34-LSSC02","Lower Sacramento River Ship Channel",602,15,47.6,24.25,"69","Adult",38.41286,-121.6114,"Directed Outflow Project","Liquid nitrogen","UC Davis Aquatic Health Lab","AdClipped",NA,2021-12-14,12800,38.14424,-121.69314,99,0.341712367578857
"WY22_S139",2,37.308087451211,2022-03-23,"USFWS EDSM","Kodiak Trawl","22-34-LSSC02","Lower Sacramento River Ship Channel",602,15,47.6,24.25,"69","Adult",38.41286,-121.6114,"Directed Outflow Project","Liquid nitrogen","UC Davis Aquatic Health Lab","AdClipped",NA,2022-01-11,12800,38.117215,-121.706245,71,0.525466020439591
"WY22_S139",3,19.3998936849361,2022-03-23,"USFWS EDSM","Kodiak Trawl","22-34-LSSC02","Lower Sacramento River Ship Channel",602,15,47.6,24.25,"69","Adult",38.41286,-121.6114,"Directed Outflow Project","Liquid nitrogen","UC Davis Aquatic Health Lab","AdClipped",NA,2022-02-03,6400,38.256215,-121.667645,48,0.404164451769502
"WY22_S139",4,76.5853339374445,2022-03-23,"USFWS EDSM","Kodiak Trawl","22-34-LSSC02","Lower Sacramento River Ship Channel",602,15,47.6,24.25,"69","Adult",38.41286,-121.6114,"Directed Outflow Project","Liquid nitrogen","UC Davis Aquatic Health Lab","AdClipped",NA,2022-02-09,12800,38.18729,-121.97802,42,1.82346033184392
"WY22_S139",5,19.3998936849361,2022-03-23,"USFWS EDSM","Kodiak Trawl","22-34-LSSC02","Lower Sacramento River Ship Channel",602,15,47.6,24.25,"69","Adult",38.41286,-121.6114,"Directed Outflow Project","Liquid nitrogen","UC Davis Aquatic Health Lab","AdClipped",NA,2022-02-16,10933,38.25614,-121.66755,35,0.554282676712461
"WY22_S138",1,33.8295243903069,2022-03-23,"USFWS EDSM","Kodiak Trawl","22-34-LSSC02","Lower Sacramento River Ship Channel",602,15,47.6,24.25,"71","Adult",38.41286,-121.6114,"Directed Outflow Project","Liquid nitrogen","UC Davis Aquatic Health Lab","AdClipped",NA,2021-12-14,12800,38.14424,-121.69314,99,0.341712367578857
"WY22_S138",2,37.308087451211,2022-03-23,"USFWS EDSM","Kodiak Trawl","22-34-LSSC02","Lower Sacramento River Ship Channel",602,15,47.6,24.25,"71","Adult",38.41286,-121.6114,"Directed Outflow Project","Liquid nitrogen","UC Davis Aquatic Health Lab","AdClipped",NA,2022-01-11,12800,38.117215,-121.706245,71,0.525466020439591
"WY22_S138",3,19.3998936849361,2022-03-23,"USFWS EDSM","Kodiak Trawl","22-34-LSSC02","Lower Sacramento River Ship Channel",602,15,47.6,24.25,"71","Adult",38.41286,-121.6114,"Directed Outflow Project","Liquid nitrogen","UC Davis Aquatic Health Lab","AdClipped",NA,2022-02-03,6400,38.256215,-121.667645,48,0.404164451769502
"WY22_S138",4,76.5853339374445,2022-03-23,"USFWS EDSM","Kodiak Trawl","22-34-LSSC02","Lower Sacramento River Ship Channel",602,15,47.6,24.25,"71","Adult",38.41286,-121.6114,"Directed Outflow Project","Liquid nitrogen","UC Davis Aquatic Health Lab","AdClipped",NA,2022-02-09,12800,38.18729,-121.97802,42,1.82346033184392
"WY22_S138",5,19.3998936849361,2022-03-23,"USFWS EDSM","Kodiak Trawl","22-34-LSSC02","Lower Sacramento River Ship Channel",602,15,47.6,24.25,"71","Adult",38.41286,-121.6114,"Directed Outflow Project","Liquid nitrogen","UC Davis Aquatic Health Lab","AdClipped",NA,2022-02-16,10933,38.25614,-121.66755,35,0.554282676712461
"WY22_S136",1,43.8055631037246,2022-03-23,"USFWS EDSM","Kodiak Trawl","22-34-USSC01","Upper Sacramento River Ship Channel",905,14.5,26.7,15.64,"69","Adult",38.49417,-121.58394,"Directed Outflow Project","Liquid nitrogen","UC Davis Aquatic Health Lab","AdClipped",NA,2021-12-14,12800,38.14424,-121.69314,99,0.442480435391158
"WY22_S136",2,47.2841261646287,2022-03-23,"USFWS EDSM","Kodiak Trawl","22-34-USSC01","Upper Sacramento River Ship Channel",905,14.5,26.7,15.64,"69","Adult",38.49417,-121.58394,"Directed Outflow Project","Liquid nitrogen","UC Davis Aquatic Health Lab","AdClipped",NA,2022-01-11,12800,38.117215,-121.706245,71,0.665973607952517
"WY22_S136",3,29.3759323983538,2022-03-23,"USFWS EDSM","Kodiak Trawl","22-34-USSC01","Upper Sacramento River Ship Channel",905,14.5,26.7,15.64,"69","Adult",38.49417,-121.58394,"Directed Outflow Project","Liquid nitrogen","UC Davis Aquatic Health Lab","AdClipped",NA,2022-02-03,6400,38.256215,-121.667645,48,0.61199859163237
"WY22_S136",4,86.5613726508624,2022-03-23,"USFWS EDSM","Kodiak Trawl","22-34-USSC01","Upper Sacramento River Ship Channel",905,14.5,26.7,15.64,"69","Adult",38.49417,-121.58394,"Directed Outflow Project","Liquid nitrogen","UC Davis Aquatic Health Lab","AdClipped",NA,2022-02-09,12800,38.18729,-121.97802,42,2.06098506311577
"WY22_S136",5,29.3759323983538,2022-03-23,"USFWS EDSM","Kodiak Trawl","22-34-USSC01","Upper Sacramento River Ship Channel",905,14.5,26.7,15.64,"69","Adult",38.49417,-121.58394,"Directed Outflow Project","Liquid nitrogen","UC Davis Aquatic Health Lab","AdClipped",NA,2022-02-16,10933,38.25614,-121.66755,35,0.839312354238679
"WY22_S14",1,43.0306458526155,2022-03-29,"USFWS EDSM","Kodiak Trawl","22-35-SM01","Suisun Marsh",7902,16.5,93.7,43.6,"70","Adult",38.18726,-121.98091,"Directed Outflow Project","Liquid nitrogen","UC Davis Aquatic Health Lab","AdClipped",NA,2021-12-14,12800,38.14424,-121.69314,105,0.409815674786815
"WY22_S14",2,39.5813546790416,2022-03-29,"USFWS EDSM","Kodiak Trawl","22-35-SM01","Suisun Marsh",7902,16.5,93.7,43.6,"70","Adult",38.18726,-121.98091,"Directed Outflow Project","Liquid nitrogen","UC Davis Aquatic Health Lab","AdClipped",NA,2022-01-11,12800,38.117215,-121.706245,77,0.514043567260281
"WY22_S14",3,57.4602765579862,2022-03-29,"USFWS EDSM","Kodiak Trawl","22-35-SM01","Suisun Marsh",7902,16.5,93.7,43.6,"70","Adult",38.18726,-121.98091,"Directed Outflow Project","Liquid nitrogen","UC Davis Aquatic Health Lab","AdClipped",NA,2022-02-03,6400,38.256215,-121.667645,54,1.06407919551826
"WY22_S14",4,0.274836305478355,2022-03-29,"USFWS EDSM","Kodiak Trawl","22-35-SM01","Suisun Marsh",7902,16.5,93.7,43.6,"70","Adult",38.18726,-121.98091,"Directed Outflow Project","Liquid nitrogen","UC Davis Aquatic Health Lab","AdClipped",NA,2022-02-09,12800,38.18729,-121.97802,48,0.00572575636413239
"WY22_S14",5,57.4602765579862,2022-03-29,"USFWS EDSM","Kodiak Trawl","22-35-SM01","Suisun Marsh",7902,16.5,93.7,43.6,"70","Adult",38.18726,-121.98091,"Directed Outflow Project","Liquid nitrogen","UC Davis Aquatic Health Lab","AdClipped",NA,2022-02-16,10933,38.25614,-121.66755,41,1.40147015995088
"WY22_S141",1,36.7195292711332,2022-03-31,"USFWS EDSM","Kodiak Trawl","22-35-LSSC01","Lower Sacramento River Ship Channel",814,15.8,41.9,22.71,"75","Adult",38.4357,-121.60133,"Directed Outflow Project","Liquid nitrogen","UC Davis Aquatic Health Lab","AdClipped",NA,2021-12-14,12800,38.14424,-121.69314,107,0.343173170758255
"WY22_S141",2,40.1980923320374,2022-03-31,"USFWS EDSM","Kodiak Trawl","22-35-LSSC01","Lower Sacramento River Ship Channel",814,15.8,41.9,22.71,"75","Adult",38.4357,-121.60133,"Directed Outflow Project","Liquid nitrogen","UC Davis Aquatic Health Lab","AdClipped",NA,2022-01-11,12800,38.117215,-121.706245,79,0.508836611797941
"WY22_S141",3,22.2898985657625,2022-03-31,"USFWS EDSM","Kodiak Trawl","22-35-LSSC01","Lower Sacramento River Ship Channel",814,15.8,41.9,22.71,"75","Adult",38.4357,-121.60133,"Directed Outflow Project","Liquid nitrogen","UC Davis Aquatic Health Lab","AdClipped",NA,2022-02-03,6400,38.256215,-121.667645,56,0.398033902960044
"WY22_S141",4,79.4753388182709,2022-03-31,"USFWS EDSM","Kodiak Trawl","22-35-LSSC01","Lower Sacramento River Ship Channel",814,15.8,41.9,22.71,"75","Adult",38.4357,-121.60133,"Directed Outflow Project","Liquid nitrogen","UC Davis Aquatic Health Lab","AdClipped",NA,2022-02-09,12800,38.18729,-121.97802,50,1.58950677636542
"WY22_S141",5,22.2898985657625,2022-03-31,"USFWS EDSM","Kodiak Trawl","22-35-LSSC01","Lower Sacramento River Ship Channel",814,15.8,41.9,22.71,"75","Adult",38.4357,-121.60133,"Directed Outflow Project","Liquid nitrogen","UC Davis Aquatic Health Lab","AdClipped",NA,2022-02-16,10933,38.25614,-121.66755,43,0.518369734087499
